name,address,website,phone_number,reviews_count,reviews_average,category,subcategory,city,state,area
Roast and Toast,"Shop no 3 and 4 Ground Floor, Synergy Space, Sarkhej - Gandhinagar Hwy, Sargasan, Gandhinagar, Gujarat 382419",,082828 24903,,4.7,cafe,,gandhinagar,gujarat,"Shop no 3 and 4 Ground Floor, Synergy Space"
Crush Coffee - Gandhinagar,"Pramukh Corporate, 21, PDPU Rd, Raysan, Gandhinagar, Gujarat 382426",crushcoffee.in,083206 12851,,4.2,cafe,,gandhinagar,gujarat,"Pramukh Corporate, 21"
Cafezza be caffeinated,"5JGH+3P6, Kudasan-Por Rd, Urjanagar 1, Kudasan, Gandhinagar, Gujarat 382419",,098790 00097,,4.4,cafe,,gandhinagar,gujarat,"5JGH+3P6, Kudasan-Por Rd"
Mocha Gandhinagar,"Infocity Club And Resort, InfoCity Club, Near Indroda Circle, Infocity, Gandhinagar, Gujarat 382007",mocha.co.in,090811 13330,,4.4,cafe,,gandhinagar,gujarat,"Infocity Club And Resort, InfoCity Club"
Brothers Cafe,"Samarpan Circle, KH 7 Dharm Cir, Sector 28 GIDC, Sector 28, Gandhinagar, Gujarat 382028",,,,4.4,cafe,,gandhinagar,gujarat,"Samarpan Circle, KH 7 Dharm Cir"
Cafe Creamoholic,"Samarpan Circle, KH 7 Dharm Cir, Sector 28 GIDC, Sector 28, Gandhinagar, Gujarat 382028",,,,4.4,cafe,,gandhinagar,gujarat,"Samarpan Circle, KH 7 Dharm Cir"
Apnaa Addaa The Kafe Keetle,"5JPM+4QM, Saptrushi Society Rd, Urjanagar 1, Kudasan, Gandhinagar, Gujarat 382419",,096240 21197,,4.2,cafe,,gandhinagar,gujarat,"5JPM+4QM, Saptrushi Society Rd"
Patnagar Café,"Shalin complex, B3, Rd No. 5, near Gh-5 circle, Sector 22, Gandhinagar, Gujarat 382021",patnagarcafe.com,090998 98611,,4.9,cafe,,gandhinagar,gujarat,"Shalin complex, B3"
"Ajay's Café - Sector 16, Gandhinagar","Plot No.436, GH Rd, near HDFC Bank, Old M.L.A.Quarters, Sector 17, Gandhinagar, Gujarat 382016",ajays.co.in,,,4.6,cafe,,gandhinagar,gujarat,"Plot No.436, GH Rd"
Cheesy Crazy Cafe,"The Landmark, A - 18, Kudasan, Gandhinagar, Gujarat 382419",,,,4.6,cafe,,gandhinagar,gujarat,"The Landmark, A - 18"
Shiva’s Coffee and Snacks Sector.11 Gandhinagar,"Unit No.5, Ground Floor, Skyline, Plot No.23, Sector No.11, Sector 11, Gandhinagar, Gujarat 382011",shivascoffeebar.com,070160 26978,,4.4,cafe,,gandhinagar,gujarat,"Unit No.5, Ground Floor"
The Black Bird Cafe & Restaurant,"Swagat Holiday Mall Rd, Sargasan, Gandhinagar, Gujarat 382419",instagram.com,095742 09601,,4.4,cafe,,gandhinagar,gujarat,"Swagat Holiday Mall Rd, Sargasan"
The Avenue Cafe,"Swagat Holiday Mall Rd, Sargasan, Gandhinagar, Gujarat 382419",instagram.com,095742 09601,,4.4,cafe,,gandhinagar,gujarat,"Swagat Holiday Mall Rd, Sargasan"
Mr Singh's Cafe,"Doubledaker, Sector 24, Gandhinagar, Gujarat 382016",,099795 56949,,4.7,cafe,,gandhinagar,gujarat,"Doubledaker, Sector 24"
The Rubiaceae Coffee Brewers,"218, Pramukh Corporate, PDPU Rd, Raysan, 382006",,073832 70863,,4.5,cafe,,gandhinagar,gujarat,"218, Pramukh Corporate"
Cheesy Crazy Cafe,"218, Pramukh Corporate, PDPU Rd, Raysan, 382006",,073832 70863,,4.5,cafe,,gandhinagar,gujarat,"218, Pramukh Corporate"
The Purple heart Lounge,"522 , 5th floor, Block-C Pramukh Mastana, near, Reliance Cross Rd, Kudasan, Gandhinagar, Gujarat 382419",purpleheart.co.in,097373 71738,,4.8,cafe,,gandhinagar,gujarat,"522 , 5th floor"
Literature Coffee,"First Floor Shop no: 113 & 116, Elixir Prime Business Hub, PDPU Rd, opp. Shree Rang Upvan Bunglows, Raysan, Gujarat 382007",,098795 75441,,4.8,cafe,,gandhinagar,gujarat,"First Floor Shop no: 113 & 116, Elixir Prime Business Hub"
Shiva's Coffee Bar - Pramukh Arcade,"First Floor Shop no: 113 & 116, Elixir Prime Business Hub, PDPU Rd, opp. Shree Rang Upvan Bunglows, Raysan, Gujarat 382007",,098795 75441,,4.8,cafe,,gandhinagar,gujarat,"First Floor Shop no: 113 & 116, Elixir Prime Business Hub"
On the Rocks Cafe,"Shop No.6, Shopping Centre, Sector 9, Gandhinagar, Gujarat 382009",,,,4.2,cafe,,gandhinagar,gujarat,"Shop No.6, Shopping Centre"
The Bean Room,"The Landmark, B - 20, Urjanagar 1, Kudasan, Gandhinagar, Gujarat 372421",tbrcafe.in,094017 63737,,4.9,cafe,,gandhinagar,gujarat,"The Landmark, B - 20"
Shiva's Coffee Bar (Sargasan),"The Landmark, B - 20, Urjanagar 1, Kudasan, Gandhinagar, Gujarat 372421",tbrcafe.in,094017 63737,,4.9,cafe,,gandhinagar,gujarat,"The Landmark, B - 20"
Shiva's Coffee Bar,"Shop No. 38, Super Mall-1, Infocity Road, Infocity, Gandhinagar, Gujarat 382007",shivascoffeebar.com,076001 16475,,4.0,cafe,,gandhinagar,gujarat,"Shop No. 38, Super Mall-1"
BETTER BEANS,"near trupti ice cream, opp. to franky station, Sector 16, Gandhinagar, Gujarat 382016",,075181 81849,,4.5,cafe,,gandhinagar,gujarat,"near trupti ice cream, opp. to franky station"
Chai Garam - Pocket Café,"VRUNDAVAN TRADE CENTER, B13, nr. Reliance Cross Road, opposite Kanam Party Plot, Kudasan, Gandhinagar, Gujarat 382419",instagram.com,079909 48849,,4.9,cafe,,gandhinagar,gujarat,"VRUNDAVAN TRADE CENTER, B13"
Koffee Plus Plus,"Ken's Koffee Plus Plus, Food Court # 6, DA-IICT Gandhinagar-Ahmedabad Road, Near, Indroda Cir, Infocity, Gandhinagar, Gujarat 382007",,087586 37933,,4.1,cafe,,gandhinagar,gujarat,"Ken's Koffee Plus Plus, Food Court # 6"
Cafe Cawfee Tawk,"Shop no. 1,2,3, Kanam Residency 2, near VTC Complex, Kudasan, Gandhinagar, Gujarat 382419",,099099 81530,,4.3,cafe,,gandhinagar,gujarat,"Shop no. 1,2"
Lord's Sector 16 Gandhinagar,"Plot no.443, Sector 16, Gandhinagar, Gujarat 382016",,,,4.9,cafe,,gandhinagar,gujarat,"Plot no.443, Sector 16"
Chai G,"A-37,38, Pramukh Arcade, Reliance Circle, Kudasan, Gandhinagar, Gujarat 382041",chaig.in,072270 01296,,4.2,cafe,,gandhinagar,gujarat,"A-37,38"
"Shiva's Coffee Bar and Snacks, Sector-25","golden arcade, Sr no 1, GIDC Electronic Estate, Sector 25, Gandhinagar, Gujarat 382016",,094099 26090,,4.5,cafe,,gandhinagar,gujarat,"golden arcade, Sr no 1"
Abhi'S cafe,"golden arcade, Sr no 1, GIDC Electronic Estate, Sector 25, Gandhinagar, Gujarat 382016",,094099 26090,,4.5,cafe,,gandhinagar,gujarat,"golden arcade, Sr no 1"
The Lifafa Cafe & Restro,"Shop No 15, Keshav Aaradhyam, Prominent Hotel Rd, Kudasan, Gandhinagar, Gujarat 382419",,094275 07273,,4.6,cafe,,gandhinagar,gujarat,"Shop No 15, Keshav Aaradhyam"
Madhur Cafe,"6JWJ+GVQ, K Rd, GIDC Electronic Estate, Sector 25, Gandhinagar, Gujarat 382016",,,,3.9,cafe,,gandhinagar,gujarat,"6JWJ+GVQ, K Rd"
Zorko Gandhinagar,"6JWJ+GVQ, K Rd, GIDC Electronic Estate, Sector 25, Gandhinagar, Gujarat 382016",,,,3.9,cafe,,gandhinagar,gujarat,"6JWJ+GVQ, K Rd"
THE LOVE LOCK CAFE,"Pramukh Mastana Complex, B/41, CIRCLE, near Reliance Communications Tower, Kudasan, Gandhinagar, Gujarat 382419",,,,4.7,cafe,,gandhinagar,gujarat,"Pramukh Mastana Complex, B/41"
Cafe Offbeat - Gandhinagar,"Elixir , PDPU, Raysan Rd, Gujarat International Finance Tec-City, Gandhinagar, Gujarat 382007",,081044 19033,,4.1,cafe,,gandhinagar,gujarat,"Elixir , PDPU"
ZORKO INOX GANDHINAGAR,"Shop no. 12, R world 16, plot 400, Sector 16, Gandhinagar, Gujarat 382016",,,,4.7,cafe,,gandhinagar,gujarat,"Shop no. 12, R world 16"
karma Cafe Gandhinagar,"Shop no. 12, R world 16, plot 400, Sector 16, Gandhinagar, Gujarat 382016",,,,4.7,cafe,,gandhinagar,gujarat,"Shop no. 12, R world 16"
Rustic Rays,"B-201,202,203, The Landmark, Kudasan, Gandhinagar, Gujarat 382419",,088669 92270,,4.5,cafe,,gandhinagar,gujarat,"B-201,202"
The Back Benchers Cafe,"Sector 16, Gandhinagar, Gujarat 382016",,,,4.5,cafe,,gandhinagar,gujarat,"Sector 16, Gandhinagar"
Day Night Point Cafe,"Sho No 74 block No C Pramukh Mastana complex, Reliance Cross Rd, Kudasan, Gandhinagar, Gujarat 382419",,,,5.0,cafe,,gandhinagar,gujarat,"Sho No 74 block No C Pramukh Mastana complex, Reliance Cross Rd"
Karan Go Insta Cafe,"103, 1st Floor, Anexi mall GH-0, Circle, Gujarat 382007",,092653 80880,,4.5,cafe,,gandhinagar,gujarat,"103, 1st Floor"
Shambhu's Coffee Bar,"GROUND FLOOR. SHOP NO. 40, SUPER MALL-2, Infocity, Gandhinagar, Gujarat 382010",,063532 42712,,4.5,cafe,,gandhinagar,gujarat,"GROUND FLOOR. SHOP NO. 40, SUPER MALL-2"
The House of Makeba - Pure Veg Family Dining Restaurant in Gandhinagar,"Radhe Infinity, 105/106, Raksha Shakti Cir, Urjanagar 1, Randesan, Gandhinagar, Gujarat 382426",thehouseofmakeba.com,087801 41564,,4.5,cafe,,gandhinagar,gujarat,"Radhe Infinity, 105/106"
2 degree cafe,"Radhe Infinity, 105/106, Raksha Shakti Cir, Urjanagar 1, Randesan, Gandhinagar, Gujarat 382426",thehouseofmakeba.com,087801 41564,,4.5,cafe,,gandhinagar,gujarat,"Radhe Infinity, 105/106"
The Royal Egg Cafe,"Brunch Park Ni Baju Ma, Atria Business Hub, Bank Of Baroda Ni Pachhad, B-29, Sargasan Cross Rd, Gandhinagar, Gujarat 382419",,090230 27607,,3.6,cafe,,gandhinagar,gujarat,"Brunch Park Ni Baju Ma, Atria Business Hub"
Helly and chilly cafe gandhinagar,"orbit mall, 122, Reliance Cross Rd, Kudasan, Gandhinagar, Gujarat 382419",,076229 72667,,5.0,cafe,,gandhinagar,gujarat,"orbit mall, 122"
Cilantro's Global Cuisine Restaurant,"315, The Urbania Complex, Palm Rd, Kudasan, Gandhinagar, Gujarat 382419",cilantros.in,091040 83535,,4.7,cafe,,gandhinagar,gujarat,"315, The Urbania Complex"
"Chai G, Civil","Shop No. 5, Micro Shopping Center Civil Hospital Compound, Sector 12B, Gandhinagar, Gujarat 382016",chaig.in,072270 01297,,4.1,cafe,,gandhinagar,gujarat,"Shop No. 5, Micro Shopping Center Civil Hospital Compound"
Shiv Cold Cafe & Har Har Bhole Lassi,"Abhishek Complex, opp. Hotel Hawally, Sector 11, Gandhinagar, Gujarat 382011",,090675 73449,,4.9,cafe,,gandhinagar,gujarat,"Abhishek Complex, opp. Hotel Hawally"
Dhakka Mukki Eatery - Back To School Cafe,"Pramukh Tangent, Shop No 14, Ground, Sargasan Cross Rd, Gandhinagar, Gujarat 382419",,,,4.4,cafe,,gandhinagar,gujarat,"Pramukh Tangent, Shop No 14"
Thicksip - Gandhinagar,"Shop-27, besides TGB, RADHE SQUARE, nr. Reliance Circle, Kudasan, Gandhinagar, Gujarat 382419",,,,4.2,cafe,,gandhinagar,gujarat,"Shop-27, besides TGB"
THE HANGOUT CAFE AND RESTRO,"5JHF+GXW, Palm Rd, Kudasan, Gandhinagar, Gujarat 382419",,,,4.5,cafe,,gandhinagar,gujarat,"5JHF+GXW, Palm Rd"
"Shiva's Coffee Bar & Snacks, Sector-16","Shop No. 4, Plot No. 386, G 5 Cir, Sector 16, Gandhinagar, Gujarat 382016",shivascoffeebar.com,077779 56184,,4.2,cafe,,gandhinagar,gujarat,"Shop No. 4, Plot No. 386"
COFFEE STAND ®- PDPU,"Coffee Stand Happiness Circle, PDPU Rd, Raysan, Gandhinagar, Gujarat 382426",coffeestand.in,091068 63604,,4.0,cafe,,gandhinagar,gujarat,"Coffee Stand Happiness Circle, PDPU Rd"
Divine Chai Bar,"NIFT, Gandhinagar, DA IICT Rd, Infocity, Gandhinagar, Gujarat 382007",,,,4.8,cafe,,gandhinagar,gujarat,"NIFT, Gandhinagar"
Rider Coffee Bar,"Gandhinagar - Kudasan Rd, opposite side tata consultancy services, Infocity, Gandhinagar, Gujarat 382007",,087996 70383,,5.0,cafe,,gandhinagar,gujarat,"Gandhinagar - Kudasan Rd, opposite side tata consultancy services"
"MADRAS Cafe, Gift City","Mapple 99, food county, Gujarat International Finance Tec-City, gandhinagar, Gujarat 382050",,,,4.4,cafe,,gandhinagar,gujarat,"Mapple 99, food county"
The Chocolate Room,"BLOCK-D, 8/19, II, Infocity Rd, Infocity, Gandhinagar, Gujarat 382007",thechocolateroomcafe.com,099246 52812,,3.9,cafe,,gandhinagar,gujarat,"BLOCK-D, 8/19"
PURE BEANS & CREAMS,"BLOCK-D, 8/19, II, Infocity Rd, Infocity, Gandhinagar, Gujarat 382007",thechocolateroomcafe.com,099246 52812,,3.9,cafe,,gandhinagar,gujarat,"BLOCK-D, 8/19"
Iscon Gathiya - Gandhinagar,"Sector 6, Gandhinagar, Gujarat 382006",iscongathiya.com,099797 03739,,4.4,cafe,,gandhinagar,gujarat,"Sector 6, Gandhinagar"
BAS CHA SUDHI ️,"TCS, Infocity, Gandhinagar, Gujarat 382007",,,,4.8,cafe,,gandhinagar,gujarat,"TCS, Infocity"
FOODWOODZ RestroCafè,"Plot 909/3, Near, KH 7 Dharm Cir, opp. Samarpan Campus, Sector 28 GIDC, Sector 28, Gandhinagar, Gujarat 382028",,090235 38956,,4.2,cafe,,gandhinagar,gujarat,"Plot 909/3, Near"
Cafe Amul @ Bhat,"3JWH+JMM, Indira Brg, GIDC Bhat, Bhat, Ahmedabad, Gujarat 382428",amul.com,098246 60057,,4.2,cafe,,gandhinagar,gujarat,"3JWH+JMM, Indira Brg"
College Crush Cafe,"Gate No.2, Karnavati University, B/H, Uvarsad, Gujarat 382422",,,,4.8,cafe,,gandhinagar,gujarat,"Gate No.2, Karnavati University"
Shivas coffee bar,"Gate No.2, Karnavati University, B/H, Uvarsad, Gujarat 382422",,,,4.8,cafe,,gandhinagar,gujarat,"Gate No.2, Karnavati University"
Shree Radhe Thal || Best Gujarati Thaal Restaurant In Gandhinagar | Kathiyawadi Thaal Restaurant In Gandhinagar,"Infocity-S, Siddhraj Zavod, Sarkhej - Gandhinagar Hwy, Sargasan, Gandhinagar, Gujarat 382423",,089999 09595,,4.2,cafe,,gandhinagar,gujarat,"Infocity-S, Siddhraj Zavod"
SUPERDONUTS | THE AMERICAN EATERY,"Shop No 6B, BLOCK-F, near GH”0” Cross Roads, Infocity, Gandhinagar, Gujarat 382007",instagram.com,090997 07575,,4.4,cafe,,gandhinagar,gujarat,"Shop No 6B, BLOCK-F"
Chai G sector-28,"Shop No.3,Plot No. 909/09,Shree, Radhe Complex, near Samarpan College, Sector 28 GIDC, Sector 28, Gandhinagar, Gujarat 382028",,077779 09013,,4.4,cafe,,gandhinagar,gujarat,"Shop No.3,Plot No. 909/09"
Karnavati Snacks,"Shop No.3,Plot No. 909/09,Shree, Radhe Complex, near Samarpan College, Sector 28 GIDC, Sector 28, Gandhinagar, Gujarat 382028",,077779 09013,,4.4,cafe,,gandhinagar,gujarat,"Shop No.3,Plot No. 909/09"
BlueBerry Restaurant & Banquet,"1st Floor, Plotno 316, gh4 road, above indian Bank, Sector 16, Gandhinagar, Gujarat 382016",,084909 94429,,4.3,cafe,,gandhinagar,gujarat,"1st Floor, Plotno 316"
Cafehigh5,"NATIONAL INSTITUTE OF FASHION TECHNOLOGY, Gandhinagar, Gujarat 382007",,,,5.0,cafe,,gandhinagar,gujarat,"NATIONAL INSTITUTE OF FASHION TECHNOLOGY, Gandhinagar"
Tea Post,"Shop No.:15, R World, G/F, Sector 21, Gandhinagar, Gujarat 382010",teapost.in,098984 08895,,4.2,cafe,,gandhinagar,gujarat,"Shop No.:15, R World"
The midnight cafe,"TCS, Gandhinagar, Gujarat 382007",,,,5.0,cafe,,gandhinagar,gujarat,"TCS, Gandhinagar"
Ekta Nasta House & Tifin Servises,"Sector 12B, Gandhinagar, Gujarat 382016",,089803 23262,,4.2,cafe,,gandhinagar,gujarat,"Sector 12B, Gandhinagar"
Yash Food Point & Cafe,"Sector 12B, Gandhinagar, Gujarat 382016",,089803 23262,,4.2,cafe,,gandhinagar,gujarat,"Sector 12B, Gandhinagar"
AGHORI CAFE BAR & LIVE TANDOORI CHAI,"Pramukh Arcade, Reliance Cross Rd, Urjanagar 1, Kudasan, Gandhinagar, Gujarat 382419",,,,4.9,cafe,,gandhinagar,gujarat,"Pramukh Arcade, Reliance Cross Rd"
DADDY'S VADAPAV,"Shop no.7, Shalin Galaria, Sangeet Cir G1, near Rto Gandhinagar, Sargasan, Gandhinagar, Gujarat 382006",,,,4.8,cafe,,gandhinagar,gujarat,"Shop no.7, Shalin Galaria"
"""Dadi Sa"" restaurant || Best Family Restaurant In Gandhinagar | Best Veg Restaurant | RestaurantIn Gandhinagar","Shop no.7, Shalin Galaria, Sangeet Cir G1, near Rto Gandhinagar, Sargasan, Gandhinagar, Gujarat 382006",,,,4.8,cafe,,gandhinagar,gujarat,"Shop no.7, Shalin Galaria"
The Blue Oven,"C 64 Pramukh Mastana , reliance circle, Gandhinagar, Gujarat 382419",,070165 35650,,4.2,cafe,,gandhinagar,gujarat,"C 64 Pramukh Mastana , reliance circle"
The Belgian Waffle Co,"21, Infocity Service Rd, Infocity, Gandhinagar, Gujarat 382007",thebelgianwaffle.co,086579 49536,,4.2,cafe,,gandhinagar,gujarat,"21, Infocity Service Rd"
Green Apple Restaurant,"1st Floor, Nr. Gandhinagar Nagrik Bank GH-4II, Sector 16, Gandhinagar, Gujarat 382016",,096626 53440,,4.1,cafe,,gandhinagar,gujarat,"1st Floor, Nr. Gandhinagar Nagrik Bank GH-4II"
Pathikashram Nilaya,"Pathikashram Nilaya, Nr S.T.Depo., GH-3 Circle, GH Rd, Sector 11, Gandhinagar, Gujarat 382007",pathikashram.in,097979 75050,,4.6,cafe,,gandhinagar,gujarat,"Pathikashram Nilaya, Nr S.T.Depo."
Apna Fal,"Pathikashram Nilaya, Nr S.T.Depo., GH-3 Circle, GH Rd, Sector 11, Gandhinagar, Gujarat 382007",pathikashram.in,097979 75050,,4.6,cafe,,gandhinagar,gujarat,"Pathikashram Nilaya, Nr S.T.Depo."
Rajni Coconut Water Center,"6J7X+768, Kishan Cir, Sector 11, Gandhinagar, Gujarat 382010",,,,4.9,cafe,,gandhinagar,gujarat,"6J7X+768, Kishan Cir"
Khetlaapa Tea Stall,"Shop no.107 , block:- F, Near, GH- 0 Circle, above Dawat Restaurant, Infocity, Gandhinagar, Gujarat 382006",,099253 41016,,4.1,cafe,,gandhinagar,gujarat,"Shop no.107 , block:- F"
1545 box cricket & Cafe,"Sargasan Lake Way, Sargasan, Gandhinagar, Gujarat 382419",,087991 41545,,4.3,cafe,,gandhinagar,gujarat,"Sargasan Lake Way, Sargasan"
BROOTHERS CAFE,"SHOP NO 10, Shopping Centre, near AIR FORCE, Sector 9, Gandhinagar, Gujarat 382007",,096648 60586,,5.0,cafe,,gandhinagar,gujarat,"SHOP NO 10, Shopping Centre"
Venus Rooftop Restro & Cafe | Best Rooftop Cafe in Ahmedabad,"Terrace @, The Emporio, GJ SH 41, above Croma, opp. PVR 4D Square Mall, Harikurpa Society, Chandkheda, Gandhinagar, Ahmedabad, Gujarat 380005",,090995 99585,,4.4,cafe,,gandhinagar,gujarat,"Terrace @, The Emporio"
BROTHERS CAFE,"BLOCK 90, SECTOR 16, CHH, TYPE, 4 GANDHINAGAR ROAD, Gandhinagar, Gujarat 382010",,081539 51491,,5.0,cafe,,gandhinagar,gujarat,"BLOCK 90, SECTOR 16"
Rajwadi CHAI,"6J9R+XCJ, Sector 12B, Gandhinagar, Gujarat 382016",,,,4.4,cafe,,gandhinagar,gujarat,"6J9R+XCJ, Sector 12B"
Har Har Bhole Lassi Wala,"har har bohle lassiwala, Haveli Arcade, opp. hotal, Sector 11, Gandhinagar, Gujarat 382011",,094280 76851,,5.0,cafe,,gandhinagar,gujarat,"har har bohle lassiwala, Haveli Arcade"
Karan GO INSTA CAFE,"Super Mall 1, B 42, Infocity, Gandhinagar, Gujarat 382007",,092653 80880,,4.6,cafe,,gandhinagar,gujarat,"Super Mall 1, B 42"
Scooter cafe,"Shopping Centre, 1 SECTOR 16, Sector 16, Gandhinagar, Gujarat 382016",,,,,cafe,,gandhinagar,gujarat,"Shopping Centre, 1 SECTOR 16"
Rajwadi Bhojnalay,"B-101,first floor, Acme House, Sector 6, Gandhinagar, Gujarat 382006",,,,4.1,cafe,,gandhinagar,gujarat,"B-101,first floor"
Bon Vivant's Cafe,"BLOCK-D, 2, Infocity, Gandhinagar, Gujarat 380018",,081282 78016,,5.0,cafe,,gandhinagar,gujarat,"BLOCK-D, 2"
New civil canteen food court,"Sector 12B, Gandhinagar, Gujarat 382016",,099247 33200,,4.0,cafe,,gandhinagar,gujarat,"Sector 12B, Gandhinagar"
Shree Ganesh Nasta House,"359, C, Sector 12B, Gandhinagar, Gujarat 382016",,099044 17749,,4.5,cafe,,gandhinagar,gujarat,"359, C"
Sky Brew - Restrocafe,"Pramukh Tangent, 6th floor,, Gandhinagar Bypass Rd, Sargasan, Gandhinagar, Gujarat 382419",,,,3.9,cafe,,gandhinagar,gujarat,"Pramukh Tangent, 6th floor"
SHAHI FRY CENTRE,"1, opp. Pragati Medan, Sector 6, Gandhinagar, Gujarat 382006",,,,4.3,cafe,,gandhinagar,gujarat,"1, opp. Pragati Medan"
PRAMUKH KATHIYAWADI BHOJANALAY - Sector 6,"Plot no. 1553,Sector 6PRAMUKH KATHIYAVADI BHOJANALAY, above Iscon Ganthiya, Gandhinagar, Gujarat 382006",,097251 62686,,3.9,cafe,,gandhinagar,gujarat,"Plot no. 1553,Sector 6PRAMUKH KATHIYAVADI BHOJANALAY"
The Burger Boy's,"high school, Rd Number 3, opp. J M Chaudhari Sarvajanik Parking, Sector 7D, Corner, Gandhinagar, Gujarat 382007",,063564 41414,,4.5,cafe,,gandhinagar,gujarat,"high school, Rd Number 3"
Urban Theka Cafe,"The Landmark, B-103, opposite The Spice Street, Kudasan, Gandhinagar, Gujarat 382419",,076006 25637,,4.7,cafe,,gandhinagar,gujarat,"The Landmark, B-103"
Rooh The Roofyard Cafe And Restaurant,"The Landmark, C-303, Kudasan, Gandhinagar, Gujarat 382419",,063562 23322,,4.4,cafe,,gandhinagar,gujarat,"The Landmark, C-303"
The Salad Spot,"Shop No 20 Poornam Residency, Near GSC Bank , Prominent Hotel Rd, Sardar Chowk Rd, Kudasan, Gandhinagar, Gujarat 382419",,092271 71901,,4.9,cafe,,gandhinagar,gujarat,"Shop No 20 Poornam Residency, Near GSC Bank"
Amardeep Bhel Pakodi Centre,"6J9P+7Q5, Sector 6, Gandhinagar, Gujarat 382006",,,,4.0,cafe,,gandhinagar,gujarat,"6J9P+7Q5, Sector 6"
V J CAFE,"TYPE, BLOCK, CHH, 90/4 SECTOR 16, GANDHINAGAR ROAD, Gandhinagar, Gujarat 382010",,074348 35568,,,cafe,,gandhinagar,gujarat,"TYPE, BLOCK"
Lassi Cafe,"Lassi Cafe, 5, near KH Road, Sector 13 D, Sector 13, Gandhinagar, Gujarat 382016",,,,,cafe,,gandhinagar,gujarat,"Lassi Cafe, 5"
Mahadev Chinese (G-2),"6J6H+GHV, G 2 Cir, Sector 4D, Sector 3/C, Sector 6, Gandhinagar, Gujarat 382006",,,,4.2,cafe,,gandhinagar,gujarat,"6J6H+GHV, G 2 Cir"
Cyber Cafe Margo,"6JJX+MWC, Sector 16, Gandhinagar, Gujarat 382016",,098987 72731,,3.3,cafe,,gandhinagar,gujarat,"6JJX+MWC, Sector 16"
Kaka Rajwadi Chai,"Acme House, Sector 6, Gandhinagar, Gujarat 382006",,,,3.8,cafe,,gandhinagar,gujarat,"Acme House, Sector 6"
Amul,"6JCV+CV3, Sector 11, Gandhinagar, Gujarat 382010",amul.com,1800 258 3333,,4.7,cafe,,gandhinagar,gujarat,"6JCV+CV3, Sector 11"
Momoman,"PRAMUKH ORBIT MALL, A/26, Gandhinagar - Kudasan Rd, near Reliance Cross Road, Kudasan, Gandhinagar, Gujarat 382419",zomato.com,087996 25845,,4.3,cafe,,gandhinagar,gujarat,"PRAMUKH ORBIT MALL, A/26"
Radio Cafe,"SWAMINARAYAN PRESIDENCY, Randesan Rd, Urjanagar 1, Randesan, Gandhinagar, Gujarat 382426",,,,4.5,cafe,,gandhinagar,gujarat,"SWAMINARAYAN PRESIDENCY, Randesan Rd"
Tahir Egg Center,"401/1, G Rd, Sector 13A, Sector 13, Gandhinagar, Gujarat 382016",,,,4.3,cafe,,gandhinagar,gujarat,"401/1, G Rd"
Camilo Coffee - Gandhinagar,"Shop Number 9, Ground Floor, Pramukh Anand Orbit Mall, near Reliance Cross Road, Kudasan, Gandhinagar, Gujarat 382419",,081608 45612,,4.0,cafe,,gandhinagar,gujarat,"Shop Number 9, Ground Floor"
AMBICA DALWADA CENTRE,"Shop Number 9, Ground Floor, Pramukh Anand Orbit Mall, near Reliance Cross Road, Kudasan, Gandhinagar, Gujarat 382419",,081608 45612,,4.0,cafe,,gandhinagar,gujarat,"Shop Number 9, Ground Floor"
"Kaka na samosa, cha & poha","6JFP+RG3, Sector 13 D, Sector 13, Gandhinagar, Gujarat 382016",,,,3.5,cafe,,gandhinagar,gujarat,"6JFP+RG3, Sector 13 D"
Batuk Sweet Mart,"6J6P+3HM Apna Bazar, Bus Stop, GH Rd, opp. G.R.S.T, Sector 6, Gandhinagar, Gujarat 382006",,,,4.0,cafe,,gandhinagar,gujarat,"6J6P+3HM Apna Bazar, Bus Stop"
Subway Infocity Super Mall,"01 D, Infocity Super-Mall ANNEXE, G F-01 A, Sarkhej - Gandhinagar Hwy, near Indroda Circle, Gandhinagar, Gujarat 382007",subway.in,083202 90624,,3.8,cafe,,gandhinagar,gujarat,"01 D, Infocity Super-Mall ANNEXE"
