name,address,website,phone_number,reviews_count,reviews_average,category,subcategory,city,state,area
Karma Cafe,"Navjivan Trust, B/h Gujarat Vidyapith, Navjeevan Press Rd, Navrangpura, Ahmedabad, Gujarat 380009",,079 2754 0635,,4.6,cafe,,ahmedabad,gujarat,"Navjivan Trust, B/h Gujarat Vidyapith"
Zen Cafe,"University Rd, Navrangpura, Ahmedabad, Gujarat 380009",zencafe.co,096625 04013,,4.3,cafe,,ahmedabad,gujarat,"University Rd, Navrangpura"
The Project Cafe,"Yellow House, No. 7, Tarek Mehta Marg, Ambawadi, Ahmedabad, Gujarat 380009",theprojectcafe.co,063598 87607,,4.0,cafe,,ahmedabad,gujarat,"Yellow House, No. 7"
7 Star Rooftop Cafe,"Vittal Complex, Top Floor, New CG Rd, opp. Sakar School, Chandkheda, Ahmedabad, Gujarat 382424",,078747 40055,,4.7,cafe,,ahmedabad,gujarat,"Vittal Complex, Top Floor"
Mocha Bodakdev,"Ground Floor, Devashish Business Park, 6-9, Premchand Nagar Rd, opposite Krishna Complex, Bodakdev, Ahmedabad, Gujarat 380054",,097252 00002,,4.4,cafe,,ahmedabad,gujarat,"Ground Floor, Devashish Business Park"
Shambhu's Coffee Bar,"Sardar Patel Museum, Riverfront Rd, Bhimnath Mahadev, outside, Shahibag, Ahmedabad, Gujarat 380004",shambhuscoffeebar.com,072289 53750,,4.0,cafe,,ahmedabad,gujarat,"Sardar Patel Museum, Riverfront Rd"
The Messy Door Cafe Ahmedabad,"Ground floor, Shop no 1, Gala Business Centre, 2, HL college Road, near Reliance fresh, Navrangpura, Ahmedabad, Gujarat 380006",,085111 23254,,4.6,cafe,,ahmedabad,gujarat,"Ground floor, Shop no 1"
Ristretto Behind The Rods,"A-1, Maharaja Palace, Near, Vijay Cross Rd, opp. Gujarat University Plaza, Ahmedabad, Gujarat 380009",,081401 83183,,4.3,cafe,,ahmedabad,gujarat,"A-1, Maharaja Palace"
Mocha Cg Road,"10, Vasantbaug society, Gulbai Tekra Rd, opp. IDBI Bank, near CA Circle, Navrangpura, Ahmedabad, Gujarat 380006",,076002 60000,,4.3,cafe,,ahmedabad,gujarat,"10, Vasantbaug society"
Kaffa Coffee Roasters,"Kaffa Coffee Roasters oppo Atira, IIM Rd, near Apang Manav Mandal, Panjara Pol, Ambawadi, Ahmedabad, Gujarat 380051",,098240 02487,,4.3,cafe,,ahmedabad,gujarat,"Kaffa Coffee Roasters oppo Atira, IIM Rd"
Tent Rooftop Restro & Cafe | Anniversary Celebration | Birthday Celebration in Ahmedabad,"5th Floor, Shri Vardhman house, H.L, College Road, New Commercial Mills Staff Society, Navrangpura, Ahmedabad, Gujarat 380006",tentrooftoprestrocafe.com,084859 72118,,4.5,cafe,,ahmedabad,gujarat,"5th Floor, Shri Vardhman house"
Cafe Natarani,"2HXF+24R, Darpana Academy, Ashram Road, Ahmedabad, Ashram Road, Central Ahmedabad, Ashram Rd, Central, Usmanpura, Ahmedabad, Gujarat 380009",,079 2755 1389,,4.1,cafe,,ahmedabad,gujarat,"2HXF+24R, Darpana Academy"
Crush Coffee - SG Highway,"Ground Floor Wide Angle Multiplex, Sarkhej - Gandhinagar Hwy, Ahmedabad, Gujarat 380015",crushcoffee.in,083206 12851,,4.4,cafe,,ahmedabad,gujarat,"Ground Floor Wide Angle Multiplex, Sarkhej - Gandhinagar Hwy"
Brewgarten,"Shop 8&9, Kashi Bhuvan, Narayan Park Soc Opp. Yanki Sizzlers H.L, Commerce College Rd, Navrangpura, Ahmedabad, Gujarat 380009",,087994 79387,,4.4,cafe,,ahmedabad,gujarat,"Shop 8&9, Kashi Bhuvan"
Turquoise Villa Bistro & Café,"Ground Floor, Shanay l, IIM Atira Road, near AMA, Ambawadi, Ahmedabad, Gujarat 380015",cafeturquoisevilla.com,097250 87333,,4.1,cafe,,ahmedabad,gujarat,"Ground Floor, Shanay l"
The Mad House,"1st Floor, MSK House, BRTS Stop, opp. Gulbai Tekra, Panjarapole, Ahmedabad, Gujarat 380015",m.facebook.com,092657 25530,,4.1,cafe,,ahmedabad,gujarat,"1st Floor, MSK House"
Unlocked Cafe,"Umashankar Joshi Marg, near Girish Cold Drinks, Vasant Vihar, Navrangpura, Ahmedabad, Gujarat 380006",unlocked.co.in,079 4890 0165,,4.2,cafe,,ahmedabad,gujarat,"Umashankar Joshi Marg, near Girish Cold Drinks"
Kaffee Mast Hai!,"Shree Balaji Agora Mall, Sughad, Ahmedabad, Gujarat 382421",sbam.in,070460 35078,,4.1,cafe,,ahmedabad,gujarat,"Shree Balaji Agora Mall, Sughad"
Hakuna Matata cafe,"New CG Rd, Nigam Nagar, Chandkheda, Ahmedabad, Gujarat 382424",,097371 68887,,4.8,cafe,,ahmedabad,gujarat,"New CG Rd, Nigam Nagar"
Verve Cafe,"temple to underbridge, 104, A Park Business Hub, near panchal hall Way of shanidev, Airport Rd, opp. calico textile museum, Shahibag, Ahmedabad, Gujarat 380004",,,,4.6,cafe,,ahmedabad,gujarat,"temple to underbridge, 104"
Caffix- The Tech Cafe,"Third Floor, 301, Soham Pristine, above Vadilal Happiness, PRL Colony, Thaltej, Ahmedabad, Gujarat 380058",caffix.in,082000 19173,,4.2,cafe,,ahmedabad,gujarat,"Third Floor, 301"
Coffee By Di Bella,"Ground Floor/2, Campus Corner, Xavier College corner, Navrangpura St, Vasant Vihar, Navrangpura, Ahmedabad, Gujarat 380009",,091671 99555,,4.2,cafe,,ahmedabad,gujarat,"Ground Floor/2, Campus Corner"
micro cafe,"Aarashur Complex, 120 Feet Ring Rd, University Area, Ahmedabad, Gujarat 380015",swiggy.com,092654 59167,,4.8,cafe,,ahmedabad,gujarat,"Aarashur Complex, 120 Feet Ring Rd"
The Café,"Stellar Building, Sindhu Bhavan Marg, PRL Colony, Thaltej, Ahmedabad, Gujarat 380059",,,,4.2,cafe,,ahmedabad,gujarat,"Stellar Building, Sindhu Bhavan Marg"
Aarambh Cafe,"Nehru Foundation for Development, Inside CEE campus, Ahmedabad, Gujarat 380054",,090995 81803,,4.5,cafe,,ahmedabad,gujarat,"Nehru Foundation for Development, Inside CEE campus"
Zen Cafe,"Satellite Rd, beside Sundervan, Panchsheel Enclave, Jodhpur Village, Ahmedabad, Gujarat 380015",,096625 04015,,4.3,cafe,,ahmedabad,gujarat,"Satellite Rd, beside Sundervan"
Koffee Stories | Ahmedabad,"G-6, Sun Avenue One, Manek Baug Rd, nr. Sun Prima, Bhudarpura, Shyamal, Ahmedabad, Gujarat 380006",linktr.ee,090238 39066,,4.4,cafe,,ahmedabad,gujarat,"G-6, Sun Avenue One"
Seva Cafe,"4th Floor Shopper's Plaza, Chimanlal Girdharlal Rd, opp. Municipal Market, Ahmedabad, Gujarat 380009",,075672 62737,,4.6,cafe,,ahmedabad,gujarat,"4th Floor Shopper's Plaza, Chimanlal Girdharlal Rd"
Java+,"Courtyard Marriott, Satellite Rd, Ramdev Nagar, Ahmedabad, Gujarat 380015",marriott.com,079 6618 5000,,4.3,cafe,,ahmedabad,gujarat,"Courtyard Marriott, Satellite Rd"
Brewers The Coffee Bar,"Central Business Space, A/1, opp. Sukhsagar Complex, nr. Fortune Landmark Hotel, Usmanpura, Ahmedabad, Gujarat 380009",,098245 49077,,4.6,cafe,,ahmedabad,gujarat,"Central Business Space, A/1"
Ritu's Cafe by TRC- eat fresh,"Sangath central food court b/h 4D squre mall, Motera, Ahmedabad, Gujarat 380005",,06355 977 539,,4.8,cafe,,ahmedabad,gujarat,"Sangath central food court b/h 4D squre mall, Motera"
Soul Square | Multicuisine Bistro and Cafe | Bodakdev Ahmedabad,"56, Rajpath, opposite Ahmedabad International School, Rowhouse, Bodakdev, Ahmedabad, Gujarat 380015",,098982 34228,,4.2,cafe,,ahmedabad,gujarat,"56, Rajpath"
Cafe Amul @ Bhat,"3JWH+JMM, Indira Brg, GIDC Bhat, Bhat, Ahmedabad, Gujarat 382428",amul.com,098246 60057,,4.2,cafe,,ahmedabad,gujarat,"3JWH+JMM, Indira Brg"
Shambhu's Coffee Bar,"H.L, Devangan Flats, 1-2, Commerce College Rd, New Commercial Mills Staff Society, Navrangpura, Ahmedabad, Gujarat 380006",shambhuscoffeebar.com,070960 40652,,4.1,cafe,,ahmedabad,gujarat,"H.L, Devangan Flats"
COFFEE STAND ®-CG Road,"Bhadra Raj Chambers, Swastik Char Rasta, Chimanlal Girdharlal Rd, Shrimali Society, Navrangpura, Ahmedabad, Gujarat 380009",coffeestand.in,097263 23358,,4.3,cafe,,ahmedabad,gujarat,"Bhadra Raj Chambers, Swastik Char Rasta"
COFFEE ByUs,"G-05, Madhav complex, IIM Rd, opp. Kia motors showroom, Ahmedabad, Gujarat 380015",,099794 43374,,4.6,cafe,,ahmedabad,gujarat,"G-05, Madhav complex"
Mleko,"5, Falgun Society, Near, Commerce Six Rd, Roop Nagar, Sarvottam Nagar Society, Navrangpura, Ahmedabad, Gujarat 380009",,,,4.5,cafe,,ahmedabad,gujarat,"5, Falgun Society"
Cafe Creamoholic Motera,"Shop no 16 17, Ground, Aditya Avenue, near Krishna Bungalows-1, Motera, Ahmedabad, Gujarat 380005",,070693 93030,,4.5,cafe,,ahmedabad,gujarat,"Shop no 16 17, Ground"
Danny's Coffee bar,"7, K.D chamber, Commerce Six Rd, near Ishita Tower, Sarvottam Nagar Society, Navrangpura, Ahmedabad, Gujarat 380009",,098980 96932,,4.2,cafe,,ahmedabad,gujarat,"7, K.D chamber"
Cafe Piano,"TGB - The Grand Bhagwati Plot, 380, Sarkhej - Gandhinagar Hwy, near Gurudrawa, Bodakdev, Ahmedabad, Gujarat 380054",thegrandbhagwati.com,098790 00221,,4.2,cafe,,ahmedabad,gujarat,"TGB - The Grand Bhagwati Plot, 380"
CHAI VAAI CAFE AHMEDABAD CG Road,"City Centre, Shop No 1B / 1C Princess Lane, Swastik Cross Rd, Vasna Telephone Exchange, Ahmedabad, Gujarat 380009",,079849 50530,,4.4,cafe,,ahmedabad,gujarat,"City Centre, Shop No 1B / 1C Princess Lane"
The Greenstraw House,"32, River Front Rd, Soni Ni Chal, Usmanpura, Ahmedabad, Gujarat 380009",thegreenstraw.in,094268 63215,,4.3,cafe,,ahmedabad,gujarat,"32, River Front Rd"
CHAI SUTTA BAR AHMEDABAD,"G - 5 Onyx Complex, near reliance fresh Ahmedabad Gujarat (Onyx Complex SV Desai Marg, College road, H.L, Ahmedabad, Gujarat 380006",instagram.com,084608 55639,,4.3,cafe,,ahmedabad,gujarat,"G - 5 Onyx Complex, near reliance fresh Ahmedabad Gujarat (Onyx Complex SV Desai Marg"
Big Scoop Cafe ( House of Boba and Coffee ),"Shop 19, Municipal Market, Chimanlal Girdharlal Rd, Mithakhali, Navrangpura, Ahmedabad, Gujarat 380006",bigscoopcafe.com,097274 57314,,4.6,cafe,,ahmedabad,gujarat,"Shop 19, Municipal Market"
Yuvi The Cafe,"GF-1, Shakti Arcade, Opp. Auda Water Park, Science City Cir, Ahmedabad, Gujarat 380060",yuvithecafe.com,,,4.0,cafe,,ahmedabad,gujarat,"GF-1, Shakti Arcade"
Café Farmland,"Karnavati Club Rd, Mumatpura, Ahmedabad, Gujarat 380058",,063588 49551,,4.4,cafe,,ahmedabad,gujarat,"Karnavati Club Rd, Mumatpura"
Shambhu's Coffee Bar,"Sai Leela Complex, Airport Rd, Talauadi Circle, Sardarnagar, Hansol, Ahmedabad, Gujarat 382475",shambhuscoffeebar.com,070960 40627,,4.0,cafe,,ahmedabad,gujarat,"Sai Leela Complex, Airport Rd"
The Dark Roast,"Showroom 'P, Mondeal Square, Sarkhej - Gandhinagar Hwy, beside nexa showroom, Prahlad Nagar, Ahmedabad, Gujarat 380015",linktr.ee,079 4892 3777,,4.2,cafe,,ahmedabad,gujarat,"Showroom 'P, Mondeal Square"
Street Cafe 34,"2GH5+87R, Satellite, Ahmedabad, Gujarat 380015",,,,4.1,cafe,,ahmedabad,gujarat,"2GH5+87R, Satellite"
Pure Beans & Creams Cafe,"GF-4, Sun Avenue One, Shyamal Cross Rd, near Shreyas Foundation, Manekbag Society, Ahmedabad, Gujarat 380015",,099137 27292,,4.4,cafe,,ahmedabad,gujarat,"GF-4, Sun Avenue One"
Novelchef- Cafe & Lounge,"B Wing, Heritage Square, 2-GF, Gulbai Tekra Rd, opp. Atlanta Tower, Gulbai Tekra, Ahmedabad, Gujarat 380015",,063589 00379,,4.6,cafe,,ahmedabad,gujarat,"B Wing, Heritage Square"
Shree ek foods,"Shop -1, Ashwarath Complex, Kasturba Cafe, Ashram Rd, opposite Fortune landmark hotel, Usmanpura, Ahmedabad, Gujarat 380014",,088494 85114,,4.4,cafe,,ahmedabad,gujarat,"Shop -1, Ashwarath Complex"
Friends coffee Bar,"Commerce College Six Road BRTS STAND, University Rd, Naranpark Society, Vasant Vihar, University Area, Ahmedabad, Gujarat 380009",,091736 41342,,4.2,cafe,,ahmedabad,gujarat,"Commerce College Six Road BRTS STAND, University Rd"
Roastery Cultúr - The Coffee Company,"41 Spring Field Row House, Judges Bunglow Rd, near Amul Auda Garden, Bodakdev, Ahmedabad, Gujarat 380054",,093271 43223,,4.4,cafe,,ahmedabad,gujarat,"41 Spring Field Row House, Judges Bunglow Rd"
Patel's Cafe,"Patel's Cafe, Road, Gota, Ahmedabad, Gujarat 382470",,096241 80179,,4.4,cafe,,ahmedabad,gujarat,"Patel's Cafe, Road"
Big Scoop Cafe (House of Boba and Coffee),"Shop No 7, Big Scoop Cafe, Antriksh Complex, Panjrapole Circle, Circle, Panjara Pol, Ambawadi, Ahmedabad, Gujarat 380015",bigscoopcafe.com,097274 57314,,4.8,cafe,,ahmedabad,gujarat,"Shop No 7, Big Scoop Cafe"
KK's Cafe,"19, 20, Janpath Shopping Centre, Panjara Pol, Ambawadi, Ahmedabad, Gujarat 380015",,096386 16537,,4.4,cafe,,ahmedabad,gujarat,"19, 20"
Mill & Co,"Renaissance Ahmedabad, Vishwas City 1, Sola, Ahmedabad, Gujarat 380060",marriott.com,079 4000 5000,,4.3,cafe,,ahmedabad,gujarat,"Renaissance Ahmedabad, Vishwas City 1"
Shaka,"The Shakahari by Awadhpuri, Pushpak Complex, 101, Garden, opp. Prahlad Nagar, Prahlad Nagar, Ahmedabad, Gujarat 380015",facebook.com,088665 72104,,4.0,cafe,,ahmedabad,gujarat,"The Shakahari by Awadhpuri, Pushpak Complex"
Ratlam Cafe House (RCH),"280, Sarkhej - Gandhinagar Hwy, Makarba, Ahmedabad, Gujarat 380015",,099983 18132,,4.2,cafe,,ahmedabad,gujarat,"280, Sarkhej - Gandhinagar Hwy"
Vince cafe,"Karnavati Club Rd, near to fun food battalion after sapphire lawn, Mumatpura, Ahmedabad, Gujarat 380058",,063526 10595,,4.3,cafe,,ahmedabad,gujarat,"Karnavati Club Rd, near to fun food battalion after sapphire lawn"
Dosti cafe,"fire station, Kalpana complex memnagar, Navrangpura, Ahmedabad, Gujarat 380009",,,,4.8,cafe,,ahmedabad,gujarat,"fire station, Kalpana complex memnagar"
Yuvi The Cafe | Thaltej Cross Road,"New York Tower A, Patel Society, Jai Ambe Nagar, Thaltej, Ahmedabad, Gujarat 380054",,081285 15667,,4.1,cafe,,ahmedabad,gujarat,"New York Tower A, Patel Society"
Bluez Restaurant - Candlelight Dinner & Terrace Cafe,"4th floor, supermall, 421, Chimanlal Girdharlal Rd, near Lal Bunglow, Ellisbridge, Ahmedabad, Gujarat 380006",bluez.co.in,088988 58988,,4.1,cafe,,ahmedabad,gujarat,"4th floor, supermall"
Cafe @49,"M Square, Swastik Society, Navrangpura, Ahmedabad, Gujarat 380009",,,,4.1,cafe,,ahmedabad,gujarat,"M Square, Swastik Society"
MYT CAFE,"Plot No. 578/2, Orient Club, Near, Gujarat College Rd, Ellisbridge, Ahmedabad, Gujarat 380007",instagram.com,098982 34512,,4.1,cafe,,ahmedabad,gujarat,"Plot No. 578/2, Orient Club"
Cafe 8154,"A/Z, Arvind Estate, Nr. Puskar Business Park, opp. Cine Square Cinemas, Bapunagar, Ahmedabad, Gujarat 382345",,063533 54736,,4.6,cafe,,ahmedabad,gujarat,"A/Z, Arvind Estate"
Coffee Stand,"11, Supath Complex, Vijay Cross Rd, Sarvottam Nagar Society, Navrangpura, Ahmedabad, Gujarat 380009",coffeestand.in,082005 73744,,4.5,cafe,,ahmedabad,gujarat,"11, Supath Complex"
Devi Coffee Day,"Rivera Arcade, nr. Prahladnagar, 16 & 17, 100 Feet Rd, Satellite, Ahmedabad, Gujarat 380015",instagram.com,097277 26216,,4.6,cafe,,ahmedabad,gujarat,"Rivera Arcade, nr. Prahladnagar"
Seven Cafe-rooftop cafe,"New Judges Bungalow Road, Sarkhej - Gandhinagar Hwy, opp. High Court of Gujarat, Ahmedabad, Gujarat 380060",,099093 45609,,4.9,cafe,,ahmedabad,gujarat,"New Judges Bungalow Road, Sarkhej - Gandhinagar Hwy"
Mysore Cafe,"Ajanta Commercial Centre, Incometax, Ashram Rd, Usmanpura, Ahmedabad, Gujarat 380009",,098988 93902,,4.1,cafe,,ahmedabad,gujarat,"Ajanta Commercial Centre, Incometax"
TheBlackBird's Cafe,"325, Pearl villa and plaza, near shalby hospital, Naroda, Ahmedabad, Gujarat 382350",,093166 76958,,4.4,cafe,,ahmedabad,gujarat,"325, Pearl villa and plaza"
Cafe Cuppuccino,"First Floor 1 - 2, Indraprastha Business House, Near, Vijay Cross Rd, Navrangpura, Ahmedabad, Gujarat 380009",cuppuccinocafe.in,090999 22095,,4.0,cafe,,ahmedabad,gujarat,"First Floor 1 - 2, Indraprastha Business House"
Wagh Bakri Tea Lounge,"Capstone Building, Ground Floor Old Sharda Mandir Crossroads, 1,2, Gujarat College Rd, Ellisbridge, Ahmedabad, Gujarat 380009",wbtealounge.com,083477 74700,,4.4,cafe,,ahmedabad,gujarat,"Capstone Building, Ground Floor Old Sharda Mandir Crossroads"
Tilla Shop & Café,"Brahmakshatriya Nagar Society, 3A/B, Narayan Nagar Rd, opp. Union Bank, Rajpath Society, Paldi, Ahmedabad, Gujarat 380007",tilla.in,072840 82749,,4.2,cafe,,ahmedabad,gujarat,"Brahmakshatriya Nagar Society, 3A/B"
The Crown Cafe - Bistro,"Ground floor, Madhav Orchid, Sardar Patel Ring Rd, Gokul Nagar, Adinath Nagar, Odhav, Ahmedabad, Gujarat 382418",,070488 13076,,4.1,cafe,,ahmedabad,gujarat,"Ground floor, Madhav Orchid"
Danny's Coffee Bar,"Law Garden, Ellisbridge, Ahmedabad, Gujarat 380006",,082003 45450,,4.3,cafe,,ahmedabad,gujarat,"Law Garden, Ellisbridge"
Cafe Levels,"2FMX+4JX, Nr. S.K.Farm, Nr. Kensville Golf Academy, B/h, Rajpath Rangoli Rd, PRL Colony, Thaltej, Ahmedabad, Gujarat 380059",,097260 40535,,4.3,cafe,,ahmedabad,gujarat,"2FMX+4JX, Nr. S.K.Farm"
Friendship Cafe,"Devi, 148, Murli Bungalow, Opp Navjeevan Press, Navjeevan Marg, Sattar Taluka Society, Usmanpura, Ahmedabad, Gujarat 380009",,087586 33222,,4.5,cafe,,ahmedabad,gujarat,"Devi, 148"
Ark Cafe,"GF-10 Saffron Complex, Opp. Central Mall, Ambawadi, Ahmedabad, Gujarat 380006",,079905 95365,,4.8,cafe,,ahmedabad,gujarat,"GF-10 Saffron Complex, Opp. Central Mall"
Patel's Cafe,"Patel's Cafe, Road, Gota, Ahmedabad, Gujarat 382470",,096241 80179,,4.4,cafe,,ahmedabad,gujarat,"Patel's Cafe, Road"
Cheesy Crazy Cafe,"31, Ratna Business Square, Ashram Rd, opp. H K College, beside Croma Showroom, Ellisbridge, Ahmedabad, Gujarat 380009",,,,4.4,cafe,,ahmedabad,gujarat,"31, Ratna Business Square"
Qwiches brother's cafe,"Qwiches (Brother's Cafe, Ellisbridge, Ahmedabad, Gujarat 380006",,,,4.8,cafe,,ahmedabad,gujarat,"Qwiches (Brother's Cafe, Ellisbridge"
Bucky Gallery and Diner,"Mangalbag, Nr Parimal Garden, Sheth Mangaldas Rd, next to Krupa Petrol Pump, Ellisbridge, Ahmedabad, Gujarat 380006",houseofmg.com,079 2550 6946,,4.2,cafe,,ahmedabad,gujarat,"Mangalbag, Nr Parimal Garden"
Momo Cafe,"Courtyard By Marriott Satellite Road, Ramdev Nagar, Satellite, Ahmedabad, Gujarat 380015",marriott.com,079 6618 5000,,4.3,cafe,,ahmedabad,gujarat,"Courtyard By Marriott Satellite Road, Ramdev Nagar"
A GOURMESSERIE - SINDHU BHAVAN,"Shop No. 4, Zion Z1, Off, Sindhu Bhavan Marg, nr. Maple County Road, Ahmedabad, Gujarat 380059",agourmesserie.com,072720 91910,,4.5,cafe,,ahmedabad,gujarat,"Shop No. 4, Zion Z1"
TheBlackBird's Cafe,"325, Pearl villa and plaza, near shalby hospital, Naroda, Ahmedabad, Gujarat 382350",,093166 76958,,4.4,cafe,,ahmedabad,gujarat,"325, Pearl villa and plaza"
Cafe De Italiano,"Karnavati Club Rd, opposite arose restaurant, near ymca club, Mumatpura, Ahmedabad, Gujarat 380058",,097278 44747,,4.3,cafe,,ahmedabad,gujarat,"Karnavati Club Rd, opposite arose restaurant"
Seven Cafe-rooftop cafe,"New Judges Bungalow Road, Sarkhej - Gandhinagar Hwy, opp. High Court of Gujarat, Ahmedabad, Gujarat 380060",,099093 45609,,4.9,cafe,,ahmedabad,gujarat,"New Judges Bungalow Road, Sarkhej - Gandhinagar Hwy"
1989 By Sphere Lounge,"13 Floor, Rooftop, Addor Aspire, University to Panjrapole Road, near Jhanvi Restaurant, Ambawadi, Ahmedabad, Gujarat 380006",dinein.petpooja.com,099091 72225,,4.2,cafe,,ahmedabad,gujarat,"13 Floor, Rooftop"
Shiva's Coffee Bar ( C.G Road ),"Shop 2 Aadrsh Pan Palur Muncipal Market, Chimanlal Girdharlal Rd, Ahmedabad, Gujarat 380009",,081284 42017,,4.2,cafe,,ahmedabad,gujarat,"Shop 2 Aadrsh Pan Palur Muncipal Market, Chimanlal Girdharlal Rd"
h2o cafe,"2HP3+HM9, SV Desai Marg, Opp. H L commerce college, Navrangpura, Ahmedabad, Gujarat 380009",,,,3.8,cafe,,ahmedabad,gujarat,"2HP3+HM9, SV Desai Marg"
HANGOUT CAFE 24X7,"Praveg's Grand Eulogia Sindhu Bhavan Road, Sardar Patel Ring Road, Highway, S G, Thaltej, Ahmedabad, Gujarat 380058",eulogiahotels.com,092278 59571,,4.8,cafe,,ahmedabad,gujarat,"Praveg's Grand Eulogia Sindhu Bhavan Road, Sardar Patel Ring Road"
Shambhu's Coffee Bar,"Sai Leela Complex, Airport Rd, Talauadi Circle, Sardarnagar, Hansol, Ahmedabad, Gujarat 382475",shambhuscoffeebar.com,070960 40627,,4.0,cafe,,ahmedabad,gujarat,"Sai Leela Complex, Airport Rd"
Chaai Seth (Ahmedabad),"Char Rasta, Shop No 12, HR EXETER, nr. Mahalaxmi, Paldi, Ahmedabad, Gujarat 380007",,096204 10711,,4.4,cafe,,ahmedabad,gujarat,"Char Rasta, Shop No 12"
D'Caf - Best Cafe In Ahmedabad,"Shop-1, Samudra Complex, B/h, below FLH -1, Mithakhali, Navrangpura, Ahmedabad, Gujarat 380006",,,,4.5,cafe,,ahmedabad,gujarat,"Shop-1, Samudra Complex"
George's Bistro & Cafe,"B7, Shivalik Plaza, IIM Rd, Panjara Pol, Ambawadi, Ahmedabad, Gujarat 380015",zomato.com,,,4.6,cafe,,ahmedabad,gujarat,"B7, Shivalik Plaza"
AJAY'S CAFE RELIEF ROAD JANAK ENTERPRISE,"SHOP 4407, NR RATAN POLE, Relief Rd, Old City, Zaveriwad, Kalupur, Ahmedabad, Gujarat 380001",ajays.co.in,,,4.7,cafe,,ahmedabad,gujarat,"SHOP 4407, NR RATAN POLE"
Brother's Cafe,"10 Krishna Kanan Complex Besides HDFC Bank , Nr, Cross Rd, Krishna Baug, Maninagar, Ahmedabad, Gujarat 380008",,,,4.4,cafe,,ahmedabad,gujarat,"10 Krishna Kanan Complex Besides HDFC Bank , Nr"
CUP OF TEA,"Shop No -11, Sabarmati riverfront, opp. atal bridge, Ellisbridge, Ahmedabad, Gujarat 380001",,,,4.6,cafe,,ahmedabad,gujarat,"Shop No -11, Sabarmati riverfront"
Sambhu's Coffee Bar,"Under, Dr Babasaheb Ambedkar Brg, Narayan Nagar Society, Ranna Park, Paldi, Ahmedabad, Gujarat 380007",shambhuscoffeebar.com,078740 14330,,4.2,cafe,,ahmedabad,gujarat,"Under, Dr Babasaheb Ambedkar Brg"
Vintage cafe and parlour,"2HHJ+37C, Rustom Cama Marg, Old City, Gheekanta, Bhadra, Ahmedabad, Gujarat 380001",,,,3.8,cafe,,ahmedabad,gujarat,"2HHJ+37C, Rustom Cama Marg"
THE CAFE CLUB Best Cafe In Ahmedabad,"114,First Floor, Avani Icon, Haridarsan Cross Road, Vasant Vihar 2, Nava Naroda, Ahmedabad, Gujarat 382330",,081558 44847,,4.4,cafe,,ahmedabad,gujarat,"114,First Floor"
Mysore Cafe,"Rakhial Road, near Vivekanand Estate, Ahmedabad, Gujarat 380021",,079 2273 2100,,3.9,cafe,,ahmedabad,gujarat,"Rakhial Road, near Vivekanand Estate"
PRINCE CAFE RESTAURANT AND PAN PARLOUR,"Prince cafe opposite Alif jewellers Jamalpur Chakla, Jamalpur, Ahmedabad, Gujarat 380001",,099042 02876,,4.6,cafe,,ahmedabad,gujarat,"Prince cafe opposite Alif jewellers Jamalpur Chakla, Jamalpur"
Gujrat Restaurant - coffee,"Vora ni chali Nearly Momin Masjid, Bapunagar, Ahmedabad, Gujarat 380024",,098983 44460,,4.3,cafe,,ahmedabad,gujarat,"Vora ni chali Nearly Momin Masjid, Bapunagar"
Daily Doze Cafe,"3G49+9W4, Sarkhej - Gandhinagar Hwy, Thaltej, Ahmedabad, Gujarat 380054",,095103 81425,,4.3,cafe,,ahmedabad,gujarat,"3G49+9W4, Sarkhej - Gandhinagar Hwy"
"Kutchi Cafe, Ahmedabad","GF 01, Himalaya Complex, Nehru Park, Vastrapur, Ahmedabad, Gujarat 380054",,,,5.0,cafe,,ahmedabad,gujarat,"GF 01, Himalaya Complex"
"Sea Salt Cafe, IIM Ahmedabad","IIMA Ventures, New Campus, Resto'lution, Sargam Marg, I I M, Vastrapur, Ahmedabad, Gujarat 380015",seasaltcafe.in,087994 58851,,4.2,cafe,,ahmedabad,gujarat,"IIMA Ventures, New Campus"
Sea Salt Cafe (Take Away Only),"Krishnakunj, Nandanvan Society,Opp Shapath 4, Near Karnavati Club, Sarkhej - Gandhinagar Hwy, Ahmedabad, Gujarat 380058",seasaltcafe.in,093165 58851,,4.3,cafe,,ahmedabad,gujarat,"Krishnakunj, Nandanvan Society"
Tea Post,"1, Centaur House, 10-B, Chimanlal Girdharlal Rd, next to Hotel Dev Corporate, Sardar Patel Nagar, Ellisbridge, Ahmedabad, Gujarat 380006",teapost.in,070434 24343,,4.2,cafe,,ahmedabad,gujarat,"1, Centaur House"
Creamoholic café & restro,"G S 73, High Street Building, Balaji alfa Bazar, 60, 61 Street, opp. Netaji Road, near GLS College, Ellisbridge, Ahmedabad, Gujarat 380006",,090990 60710,,3.8,cafe,,ahmedabad,gujarat,"G S 73, High Street Building"
Queen Cafe,"YMCA Cross Road to South Bopal Road, Sarkhej - Gandhinagar Hwy, opp. Auto Connection, Mumatpura, Ahmedabad, Gujarat 380058",,,,3.7,cafe,,ahmedabad,gujarat,"YMCA Cross Road to South Bopal Road, Sarkhej - Gandhinagar Hwy"
The Pancake Story,"12-A, 2, Vasant Vihar Society Rd, Sardar Patel Nagar, Navrangpura, Ahmedabad, Gujarat 380009",,070694 47779,,4.4,cafe,,ahmedabad,gujarat,"12-A, 2"
Khoppcha Cafe,"Newyork Trade Center, Old NH-8C, Nr. Hotel Kells, Thaltej, Ahmedabad, Gujarat 380054",,094268 28184,,4.4,cafe,,ahmedabad,gujarat,"Newyork Trade Center, Old NH-8C"
MYSUGARPOT TEA CAFE BAR,"Shop no-GF-3, Devang Flat, Sardar Patel Nagar, B/h Tele exchange, Navrangpura, Ahmedabad, Gujarat 380006",,,,4.9,cafe,,ahmedabad,gujarat,"Shop no-GF-3, Devang Flat"
Chai Shop,"Hyatt Regency Ahmedabad 17/A, Ashram Road, India, 380014 Lobby, Gujarat 380009",hyattrestaurants.com,079 4017 1142,,4.3,cafe,,ahmedabad,gujarat,"Hyatt Regency Ahmedabad 17/A, Ashram Road"
Heartbeat rooftop cafe Ahmedabad,"sports club, SAVVY SWARAAJ, T/f_01 high street retail annex complex, NR Vandematram Cross Rd, Gota, Ahmedabad, Gujarat 382470",instagram.com,076219 51066,,4.4,cafe,,ahmedabad,gujarat,"sports club, SAVVY SWARAAJ"
blue bottle cafe,"Kankaria, Ahmedabad, Gujarat 380008",,,,4.1,cafe,,ahmedabad,gujarat,"Kankaria, Ahmedabad"
Filmy adda,"Shop No. 3, Mehta 531 complex, near vs hospital, Paldi, Ahmedabad, Gujarat 380006",,,,5.0,cafe,,ahmedabad,gujarat,"Shop No. 3, Mehta 531 complex"
