name,address,website,phone_number,reviews_count,reviews_average,category,subcategory,city,state,area
CAVE Menswear Clothing and Accessories store RAJKOT,"Pearl Plaza, Amin Marg, opp. Bharat Petrol Pump, near Ganga Hall, Bharatvan Society, Nalanda Society, Rajkot, Gujarat 360001",instagram.com,090999 63899,,4.8,shop,,rajkot,gujarat,"Pearl Plaza, Amin Marg"
World's Gift Mall,"Amrg Near Rotary, Midtown Library, Ground Floor Shriurya Complex 5/9, Amin Marg, Indira Circle, Sirvar Park, Kotecha Nagar, Rajkot, Gujarat 360001",worldsgiftmall.com,0281 247 5911,,4.0,shop,,rajkot,gujarat,"Amrg Near Rotary, Midtown Library"
Cloth Market,"Sir Lakhajiraj Rd, Lohana Para, Rajkot, Gujarat 360001",,,,4.1,shop,,rajkot,gujarat,"Sir Lakhajiraj Rd, Lohana Para"
MAGSON - Rajkot - Kotecha Chowk,"Fortune Square, University Rd, below BANK OF INDIA, Near Kotecha Chowk, Jala Ram Nagar, Rajkot, Gujarat 360001",magson.in,099786 70907,,4.6,shop,,rajkot,gujarat,"Fortune Square, University Rd"
Decathlon Sports - Rajkot,"No. 2&3, JP Sapphire, Race Course Rd, near GST Bhavan, Race Course, Sadar, Rajkot, Gujarat 360001",decathlon.in,096200 70001,,4.8,shop,,rajkot,gujarat,"No. 2&3, JP Sapphire"
Kothari Departmental Store,"Sir Lakhajiraj Rd, Diwanpara, Rajkot, Gujarat 360001",,0281 223 2358,,3.8,shop,,rajkot,gujarat,"Sir Lakhajiraj Rd, Diwanpara"
MOTHER THE GIFT BAZAR,"Ground Floor, Dr Yagnik Rd, Opp.Hotel Rajdoot, Jagnath Plot, Rajkot, Gujarat 360001",,098257 11929,,4.2,shop,,rajkot,gujarat,"Ground Floor, Dr Yagnik Rd"
The Rajkot Store,"first floor, Reliance Mall, 150 Feet Ring Rd, Karan Park, Rajkot, Gujarat 360005",,098794 70125,,4.0,shop,,rajkot,gujarat,"first floor, Reliance Mall"
Reliance Mall,"Survey No 30, Plot No 2/A, 150 Feet Ring Rd, opposite Big Bazaar, Nana Mava, Rajkot, Gujarat 360005",relianceretail.com,1800 102 7382,,4.3,shop,,rajkot,gujarat,"Survey No 30, Plot No 2/A"
NICE AND NEW,"Rajeswari Complex, Dr Yagnik Rd, opposite Ram Krishna Ashram, Jagnath Plot, Rajkot, Gujarat 360001",,078781 00009,,,shop,,rajkot,gujarat,"Rajeswari Complex, Dr Yagnik Rd"
Kothari Departmental Stores,"No 110, The Imperial Heights, 150 Feet Ring Rd, Bharatvan Society, Chandra Park-2, Gulab Vatika, Rajkot, Gujarat 360005",,0281 257 7452,,,shop,,rajkot,gujarat,"No 110, The Imperial Heights"
Firstcry.com Store Rajkot,"Silver Park nr, 7QMJ+RRC 211-214, Pandit Dindayal Upadhyay Road, Amin Marg, opp. Golden Super Market, Sirvar Park, Madhur Nagar, Rajkot, Gujarat 360001",firstcry.com,096070 04317,,,shop,,rajkot,gujarat,"Silver Park nr, 7QMJ+RRC 211-214"
Realme Smart Store - Rajkot,"Amrut Commercial Centre, Sardar Nagar Main Rd, Sardarnagar, Rajkot, Gujarat 360001",,090165 18123,,4.9,shop,,rajkot,gujarat,"Amrut Commercial Centre, Sardar Nagar Main Rd"
Blue Club Rajkot Yagnik Road,"Doctor Yagnik Road, Street Number 3, opp. D.H.College, Rajkot, Gujarat 360001",blueclub.in,076210 16200,,4.7,shop,,rajkot,gujarat,"Doctor Yagnik Road, Street Number 3"
Top Shop Fashion,"Sir Lakhajiraj Rd, Diwanpara, Rajkot, Gujarat 360001",,091577 77759,,4.8,shop,,rajkot,gujarat,"Sir Lakhajiraj Rd, Diwanpara"
Umiya Mobile Rajkot,"MAYA COMPLEX, Sardar Nagar Main Rd, nr. vikas medical, Astron Chowk, Sardarnagar, Rajkot, Gujarat 360001",,076002 84884,,4.1,shop,,rajkot,gujarat,"MAYA COMPLEX, Sardar Nagar Main Rd"
Crystal Mall,"7QH7+R8M, Jyoti Nagar Main Rd, Opposite Rani Tower, Ghanshyam Nagar, Rajkot, Gujarat 360005",,,,4.3,shop,,rajkot,gujarat,"7QH7+R8M, Jyoti Nagar Main Rd"
Options,"Dr Yagnik Rd, Opp.Jilla Panchayat, Jagnath Plot, Rajkot, Gujarat 360001",optionsrajkot.com,0281 245 0845,,4.3,shop,,rajkot,gujarat,"Dr Yagnik Rd, Opp.Jilla Panchayat"
"Deshi Dukan Rajkot - Couple T-shirt, Pre-wedding, Family, Group Matching, Custom T-shirts Printing","3rd Floor, Krish Business Planet, near Panchnath Temple, opp. Unicorn Building, Panchnath Plot, Sadar, Rajkot, Gujarat 360001",,099788 79678,,,shop,,rajkot,gujarat,"3rd Floor, Krish Business Planet"
Liberty Stores,"Holiday Business Centre, Kalavad Rd, Opp. Wockhardt Hospitals, Rajkot, Gujarat 360001",,088492 17556,,3.9,shop,,rajkot,gujarat,"Holiday Business Centre, Kalavad Rd"
Mitticool Store Rajkot,"6, University Rd, Near Panchayat Chowk, Royal Park, Rajkot, Gujarat 360005",mitticool.com,097263 77249,,4.9,shop,,rajkot,gujarat,"6, University Rd"
"Helios Watch Store - Yagnik Road, Rajkot","Shop No 1, Ground Floor, Azzaro Square, Dr Yagnik Rd, opposite Rajkot Gymkhana, Rajputpara, Rajkot, Gujarat 360001",helioswatchstore.com,076699 14263,,4.7,shop,,rajkot,gujarat,"Shop No 1, Ground Floor"
U S CATALOG,"Anant Chaya Complex, Amin Marg, Main, Road, Rajkot, Gujarat 360005",instagram.com,097371 04444,,4.6,shop,,rajkot,gujarat,"Anant Chaya Complex, Amin Marg"
Johar Cards,"Oppsoite Bizz Hotel, Hasnain, Dr Yagnik Rd, Rajkot, Gujarat 360001",joharshopping.com,088662 98722,,4.1,shop,,rajkot,gujarat,"Oppsoite Bizz Hotel, Hasnain"
HP Store Rajkot,"Shop No. 1, ARIHANT, Tagore Rd, Virani Chowk, GIDC UdhyogNagar, Bhakti Nagar, Rajkot, Gujarat 360002",hpstorerajkot.com,098250 31913,,5.0,shop,,rajkot,gujarat,"Shop No. 1, ARIHANT"
The Hanger by Darshita,"Kotechanagar street no.5 corner Payal deri street, Kotecha Nagar Main Rd, opp. kitchen county, Rajkot, Gujarat 360001",,070165 25677,,4.8,shop,,rajkot,gujarat,"Kotechanagar street no.5 corner Payal deri street, Kotecha Nagar Main Rd"
"Pantaloons (Yagnik Road, Rajkot, Gujarat)","Ground Floor, First and Second Floor, Azzaro Square Complex, Dr Yagnik Rd, near Trikon Baug, beside Shell Petrol Pump, Rajputpara, Rajkot, Gujarat 360001",stores.pantaloons.com,082917 33541,,4.2,shop,,rajkot,gujarat,"Ground Floor, First and Second Floor"
"The Souled Store, Yagnik Road, Rajkot","Shop No 1, Jagdish Building, The Souled Store, Dr Yagnik Rd, opp. Hotel Bizz, Rajkot, Gujarat 360001",thesouledstore.com,,,4.7,shop,,rajkot,gujarat,"Shop No 1, Jagdish Building"
FirstCry.com Store Rajkot RK World Tower,"Shop No. G-04 and F-104, R K World Tower, 150 Feet Ring Rd, near Shital Park, Sheetal Park, Shastri Nagar, Chowk, Rajkot, Gujarat 360007",firstcry.com,097666 96539,,4.7,shop,,rajkot,gujarat,"Shop No. G-04 and F-104, R K World Tower"
Panorama Gift & Art Gallery,"Virani Chowk, Rama Krishan Nagar, Rajkot, Gujarat 360002",,096013 55130,,4.5,shop,,rajkot,gujarat,"Virani Chowk, Rama Krishan Nagar"
H Mart - Exclusive Store,"8QC8+PWF, Ayodhya Chowk, Vasundhara Omkar Society, Manharpura 1, Madhapar, Rajkot, Gujarat 360006",,,,4.2,shop,,rajkot,gujarat,"8QC8+PWF, Ayodhya Chowk"
ABC Season Store,"Patel Building, Street Number 20, New Jagnath, Jagnath Plot, Rajkot, Gujarat 360001",abcseasonstore.com,091739 94679,,4.9,shop,,rajkot,gujarat,"Patel Building, Street Number 20"
Sakhi - Ethenic Wear Kurtis Shop in Rajkot/Western Wear/Swim & Inner Wear/Night Wear for women/Maternity Wear Collection,"Sakhi, University Rd, Panchayat Chowk, Natraj Nagar, Rajkot, Gujarat 360005",sakhifashion.vyaparify.store,098252 66690,,5.0,shop,,rajkot,gujarat,"Sakhi, University Rd"
KOSHETO SPORTS/Sportswear Showroom/Sports Shoes/Sports Wearable Articles/Custom T-shirts Showroom,"Kishanpara Main Road, Gaurav Path, Rajkot, Gujarat 360001",,080000 10098,,4.7,shop,,rajkot,gujarat,"Kishanpara Main Road, Gaurav Path"
Iscon Prozone Mall Rajkot,"7QHG+V4F, 150 Feet Ring Rd, AP Park, Karan Park, Rajkot, Gujarat 360005",,,,3.9,shop,,rajkot,gujarat,"7QHG+V4F, 150 Feet Ring Rd"
Choose 'n' Buy Boutique,"Gayatri Commercial Complex, Dr Yagnik Rd, Rama Krishan Nagar, Rajkot, Gujarat 360001",,094277 28610,,3.8,shop,,rajkot,gujarat,"Gayatri Commercial Complex, Dr Yagnik Rd"
MR.DIY,"Crystal Mall, First Floor Unit Nos. 111 to 115, Kalavad Rd, Opp. Rani Tower, Rajkot, Gujarat 360005",mrdiy.com,1800 532 2829,,4.4,shop,,rajkot,gujarat,"Crystal Mall, First Floor Unit Nos. 111 to 115"
Vaishali Apparel,"Heera-Panna, Dr Yagnik Rd, Jagnath Plot, Rajkot, Gujarat 360001",,0281 246 7391,,4.3,shop,,rajkot,gujarat,"Heera-Panna, Dr Yagnik Rd"
Titan World,"Ground Floor, Holiday Business Circle, Near Kotecha Chowk, Kalavad Rd, near ICICI Bank, Nalanda Society, Rajkot, Gujarat 360001",titan.co.in,078258 93979,,4.8,shop,,rajkot,gujarat,"Ground Floor, Holiday Business Circle"
DMart,"40 Feet Main Rd, Rangila Park Society, Bhakti Nagar, Rajkot, Gujarat 360002",dmartindia.com,,,4.3,shop,,rajkot,gujarat,"40 Feet Main Rd, Rangila Park Society"
Malabar Gold and Diamonds - Rajkot - Gujarat,"Haribhai Hall, Ground and First Floor C.S NO.2392 C.S.W.NO.15 Bombay Corporate, Besides, Dr Yagnik Rd, near Ramkrushna ashram, Rajkot, Gujarat 360001",malabargoldanddiamonds.com,096338 64916,,4.8,shop,,rajkot,gujarat,"Haribhai Hall, Ground and First Floor C.S NO.2392 C.S.W.NO.15 Bombay Corporate"
Akshar Provision Store,"Mavdi Main Road, Vishweshwar Market, Uday Nagar, Rajkot, Gujarat 360004",,094274 97936,,4.2,shop,,rajkot,gujarat,"Mavdi Main Road, Vishweshwar Market"
iNext Apple Authorised Store Rajkot,"25, New Jagnath Rd, Astron Chowk, Sardarnagar, Rajkot, Gujarat 360001",,098244 65965,,4.5,shop,,rajkot,gujarat,"25, New Jagnath Rd"
UNO AROMA (PERFUME STORE) - Rajkot,"Shop No 8, Gr, Dhan Rajani, Complex, Dr Yagnik Rd, New Jagnath, Jagnath Plot, Rajkot, Gujarat 360001",unoaroma.com,095377 37740,,4.9,shop,,rajkot,gujarat,"Shop No 8, Gr"
SATYAM MART,"Street No. 6, Royal Park, Rajkot, Gujarat 360005",,097145 00018,,4.2,shop,,rajkot,gujarat,"Street No. 6, Royal Park"
Shree Ram Stores,"20, Star Shopping Centre, Street Number 20, New Jagnath, Jagnath Plot, Rajkot, Gujarat 360001",,093741 22330,,4.3,shop,,rajkot,gujarat,"20, Star Shopping Centre"
Shreenathji customise rajkot,"Online shopping only/pickup, Akashwani Chowk, Bhawani Nagar, Rajkot, Gujarat 360005",instagram.com,082381 48398,,4.8,shop,,rajkot,gujarat,"Online shopping only/pickup, Akashwani Chowk"
Titan World,"Shop No 1, Azzaro Square, Dr Yagnik Rd, beside Pantaloons, Trikon Baug, Rajputpara, Rajkot, Gujarat 360001",titan.co.in,089290 97488,,4.7,shop,,rajkot,gujarat,"Shop No 1, Azzaro Square"
✅ 𝗕𝗛𝗔𝗚𝗪𝗔𝗧𝗜 𝗝𝗘𝗪𝗘𝗟𝗦 - Exclusive Gift Shop in Rajkot | Gold Gift and Silver Gift | Unique Gift | Premium Gift Shop in Rajkot,"Diwanpara, 10, Nr, Soni Bazar, Rajkot, Gujarat 360001",bhagwatijewels.online,076000 10207,,5.0,shop,,rajkot,gujarat,"Diwanpara, 10"
The Body Shop,"S No RSM03, Gr Flr, Reliance Mega Mall, 150, Ring Rd Cir, Police Head Quarter, Rajkot, Gujarat 360005",stores.thebodyshop.in,095134 43977,,4.3,shop,,rajkot,gujarat,"S No RSM03, Gr Flr"
Mahavir Stores,"1,2, Sadguru Complex -1, Raiya Rd, Near Hanuman Mandi, Alkapuri, Chotu Nagar, Rajkot, Gujarat 360007",,0281 247 6537,,4.0,shop,,rajkot,gujarat,"1,2"
Rajkot Ravivari Market,"Doordarshan Kendra Colony, GIDC, Rajkot, Gujarat 360003",,,,4.0,shop,,rajkot,gujarat,"Doordarshan Kendra Colony, GIDC"
Kasturi Supermarket,"Akshar Marg, Panchvati Society, Kotecha Nagar, Rajkot, Gujarat 360001",,088660 01195,,4.4,shop,,rajkot,gujarat,"Akshar Marg, Panchvati Society"
The Raymond shop,"Ground Floor, Super Market, Tajawala, Sir Lakhajiraj Rd, near Bank of India, Lohana Para, Rajkot, Gujarat 360001",lohana-para.myraymond.com,080 4493 9158,,4.3,shop,,rajkot,gujarat,"Ground Floor, Super Market"
STAR SHOPPING CENTRE,"20, Dr Yagnik Rd, New Jagnath, Jagnath Plot, Rajkot, Gujarat 360001",,099256 73566,,4.0,shop,,rajkot,gujarat,"20, Dr Yagnik Rd"
AND Reliance Mall Rajkot,"Reliance Mall, Shop No 04, Ground Floor 150 Feet Ring road, Circle, Nana Mava, Rajkot, Gujarat 360005",andindia.com,095380 57474,,4.6,shop,,rajkot,gujarat,"Reliance Mall, Shop No 04"
"Right Marc : Personalized Gifts, T-shirts, Drinkware, Leather Wallet & Travel Essential - Perfect for Corporates","Bombay Housing Society, Sadhu Vasvani Rd, near Dholakiya School, Vishwakarma Society, Hari Nagar, Rajkot, Gujarat 360005",rightmarc.com,095102 34376,,4.9,shop,,rajkot,gujarat,"Bombay Housing Society, Sadhu Vasvani Rd"
Hem Vastra,"Dhebar chowk, Trikon Baugh, Rajkot, Gujarat 360001",,072280 90846,,4.4,shop,,rajkot,gujarat,"Dhebar chowk, Trikon Baugh"
"Pride for Men || Mens Wear Shop In Rajkot, Mens Clothing Store In Rajkot, Mens Ethnic Wear In Rajkot","Vishwas Arcade, Vishwas Arcade, 7 Kadiya Navline, Dharmendra Road, 6, Dharmendra Rd, Dela Vadi, Lohana Para, Rajkot, Gujarat 360001",,097279 74592,,4.6,shop,,rajkot,gujarat,"Vishwas Arcade, Vishwas Arcade"
Tanishq Jewellery - Rajkot - Dr. Yagnik Road,"J.J Empire, Dr Yagnik Rd, opposite Hotel Imperial Palace, Jagnath Plot, Rajkot, Gujarat 360001",stores.tanishq.co.in,0281 248 0490,,4.8,shop,,rajkot,gujarat,"J.J Empire, Dr Yagnik Rd"
The Raymond Shop,"J.J Empire, Dr Yagnik Rd, opposite Hotel Imperial Palace, Jagnath Plot, Rajkot, Gujarat 360001",stores.tanishq.co.in,0281 248 0490,,4.8,shop,,rajkot,gujarat,"J.J Empire, Dr Yagnik Rd"
The Raymond shop,"Dr Yagnik Rd, near Jilla Panchayat Circle, Race Course, Jagnath Plot, Rajkot, Gujarat 360001",race-course.myraymond.com,080 4493 9160,,,shop,,rajkot,gujarat,"Dr Yagnik Rd, near Jilla Panchayat Circle"
"'Shyam' Novelty and Hosiery Shop, Rajkot","7, Junction Plot Main Rd, Gayakwadi, Shastri Nagar, Rajkot, Gujarat 360001",,098795 95091,,,shop,,rajkot,gujarat,"7, Junction Plot Main Rd"
The Brand Shop,"Shop No. 07, Maa Sharda"" Complex, Nana Mava Rd, opp. Saurashtra Hospital, Shyam Nagar, Chandreshnagar, Rajkot, Gujarat 360001",,,,,shop,,rajkot,gujarat,"Shop No. 07, Maa Sharda"" Complex"
PutOn Mens Wear,"Kirti Nagar, Rajkot, Gujarat 360007",,098251 11002,,4.6,shop,,rajkot,gujarat,"Kirti Nagar, Rajkot"
Himadri Super Market,"Savan Signet, 1, Raiya Rd, Radhika Park, Rajkot, Gujarat 360007",,097266 26629,,4.4,shop,,rajkot,gujarat,"Savan Signet, 1"
D&D MOBILE RAJKOT,"D&D mobile, Sadguru Complex, Raiya Rd, near AMARAPALI UNDER BRIDGE, Raja Nagar, Rajkot, Gujarat 360007",chat.whatsapp.com,077779 30100,,4.7,shop,,rajkot,gujarat,"D&D mobile, Sadguru Complex"
"Skechers - Yagnik Road, Rajkot","Store 221, Shivam Complex, Shop No.1 & 4, Dr Yagnik Rd, opp. Satyam, Jagnath Plot, Rajkot, Gujarat 360001",skechers.in,0281 247 3400,,3.9,shop,,rajkot,gujarat,"Store 221, Shivam Complex"
Balaji shop 1,"7RG6+933, anand nagar main road, Rajkot, Gujarat 360002",,096871 44178,,4.4,shop,,rajkot,gujarat,"7RG6+933, anand nagar main road"
KALYANI HOSIERY - Best Lingerie Store In Town,"KALYANI HOSIERY, New Shalimar complex, Sir Lakhajiraj Rd, opposite Parhlad Cinema, Gujari Bazar, Diwanpara, Rajkot, Gujarat 360001",,084015 50099,,4.9,shop,,rajkot,gujarat,"KALYANI HOSIERY, New Shalimar complex"
D Mart,"Shop No. 111 1st Floor, Elora Complex, Gondal Rd, near D-Mart, Ram Nagar, Sardar Nagar, Rajkot, Gujarat 360002",dmartindia.com,022 3340 0500,,4.3,shop,,rajkot,gujarat,"Shop No. 111 1st Floor, Elora Complex"
Radhe Novelty,"7QP8+HV4, inovetive School Road, University Rd, Panchayat Chowk, Rajkot, Gujarat 360004",,098244 08979,,3.5,shop,,rajkot,gujarat,"7QP8+HV4, inovetive School Road"
ShopBeat: The Art of Gifting - Your Corporate Gift Destination,"703, Silk Route, 150 Feet Ring Rd, nr. Astha Residency Road, Ambedkar Chowk, Punit Nagar, Mavdi, Rajkot, Gujarat 360004",shopbeat.in,097123 47911,,4.9,shop,,rajkot,gujarat,"703, Silk Route"
NUTBUT - A DRYFRUITS SHOP RAJKOT,"SHOP NO. 2 ADESHWAR COMPLEX OPP. KOTECHA GIRLS SCHOOL KOTECHA MAIN ROAD, Amin Marg, Rajkot, Gujarat 360001",nutbut.in,063588 63742,,4.6,shop,,rajkot,gujarat,"SHOP NO. 2 ADESHWAR COMPLEX OPP. KOTECHA GIRLS SCHOOL KOTECHA MAIN ROAD, Amin Marg"
RADHE GENERAL STORE,"Krishnanagar Main Rd, opp. RMC qatar, Haridwar Society, Panchsheel Wadi, Samrat Industrial Area, Rajkot, Gujarat 360004",,099240 35038,,4.5,shop,,rajkot,gujarat,"Krishnanagar Main Rd, opp. RMC qatar"
Lifestyle Stores,"RK Supreme, 150 Feet Ring Rd, Padmi Society, Nana Mava, Rajkot, Gujarat 360005",stores.lifestylestores.com,1800 123 1555,,4.1,shop,,rajkot,gujarat,"RK Supreme, 150 Feet Ring Rd"
"VIVO Exclusive Store (Bharat Electronics, Rajkot)","Khodiyar Complex, Pedak Rd, Rajkot, Gujarat 360003",vivo.com,098252 09157,,4.8,shop,,rajkot,gujarat,"Khodiyar Complex, Pedak Rd"
Shree Nathji Gift Shop,"2, Rushikesh Apartment, Junction Plot Main Rd, Post Office Building, Junction Plot, Rajkot, Gujarat 360001",,098255 51465,,4.0,shop,,rajkot,gujarat,"2, Rushikesh Apartment"
NAVRANG SEASON STORE,"Manjul, Sardar Nagar Main Rd, Sardarnagar, near Astron chowk, Rajkot, Gujarat 360001",,093741 26198,,5.0,shop,,rajkot,gujarat,"Manjul, Sardar Nagar Main Rd"
Maruti Shopping Stores,"Patel Kanaiya Chhatralay, University Rd, Archana Society, Panchayat Nagar, Rajkot, Gujarat 360005",,075750 89855,,4.9,shop,,rajkot,gujarat,"Patel Kanaiya Chhatralay, University Rd"
Jay Books,"9, Umesh Commercial Complex, Near Chaudhary High School, Near Civil Hospital, Sadar, Rajkot, Gujarat 360001",,099252 36984,,4.0,shop,,rajkot,gujarat,"9, Umesh Commercial Complex"
ORCHID WALL DECOR - Best Wallpaper Store Rajkot | Mattress Store | PVC & Wood Flooring | Curtains | Blinds | Sofa Fabrics,"KRISHNA CONARCH-2, 10, Tagore Rd, beside POOJA CERAMIC, Godown Road Corner, GIDC UdhyogNagar, Bhakti Nagar, Rajkot, Gujarat 360002",orchidwalldecor.com,090306 00378,,4.8,shop,,rajkot,gujarat,"KRISHNA CONARCH-2, 10"
Golden Super Market,"Shop No. 1, 5, Nandanvan, Indian Park, Rajkot, Gujarat 360005",,099250 77077,,4.0,shop,,rajkot,gujarat,"Shop No. 1, 5"
Samsung Experience Store - Nevil Network - Rajkot,"17/19, Vidya Nagar Main Rd, Manhar Plot, Bhakti Nagar, Rajkot, Gujarat 360002",samsungexclusivestores.in,098245 29748,,4.0,shop,,rajkot,gujarat,"17/19, Vidya Nagar Main Rd"
NUTBUT - A DRYFRUITS SHOP RAJKOT,"Shop No 8, Golden view complex, Arjun park, Nr SBI bank, Nana Mava Main Rd, Rajkot, Gujarat 360005",nutbut.in,088668 16682,,4.8,shop,,rajkot,gujarat,"Shop No 8, Golden view complex"
Computer shop Rajkot - ANJALI INFOCOM INDIA,"ANJALI INFOCOM INDIA, Golden Plaza, 105-106, Tagore Rd, Kalyan Society, Bhaktinagar Station Plot, Bhakti Nagar, Rajkot, Gujarat 360002",anjalirajkot.com,093270 53131,,4.9,shop,,rajkot,gujarat,"ANJALI INFOCOM INDIA, Golden Plaza"
Rajavir Agencies,"Radhamegh Tower, Mochi Bazar, Old walled City, Rajkot, Gujarat 360001",,0281 223 8666,,4.3,shop,,rajkot,gujarat,"Radhamegh Tower, Mochi Bazar"
ASICS STORE,"Asics Store, Ground Floor, Jagnath Corner, Dr Yagnik Rd, opp. D H College, Rajkot, Gujarat 360001",asics.com,090810 90360,,4.0,shop,,rajkot,gujarat,"Asics Store, Ground Floor"
"N P Store - Return Gift, Fancy Stationary, Water Bottles, Lunch Boxes, Toys & Gift Articles","Panchyat Chowk, Milap Nagar Main Road, University Rd, Rajkot, Gujarat 360007",,098795 10743,,5.0,shop,,rajkot,gujarat,"Panchyat Chowk, Milap Nagar Main Road"
Radhe General Store,"8R4G+JF6, Pedak Rd, Satellite Chowk, Gujarat Society, Arya Nagar, Rajkot, Gujarat 360003",,096875 10692,,4.1,shop,,rajkot,gujarat,"8R4G+JF6, Pedak Rd"
Bhagyashree Stores,"7QJQ+V5Q, Laxmi Nagar, Chandreshnagar, Rajkot, Gujarat 360004",,,,4.3,shop,,rajkot,gujarat,"7QJQ+V5Q, Laxmi Nagar"
A SUN STUDIO,"Jagnath plot street, 6, Gymkhana Road, opposite Hotel Nova, Havana, Rajkot, Gujarat 360001",,088495 96233,,5.0,shop,,rajkot,gujarat,"Jagnath plot street, 6"
OMSAI GIFT AND NOVELTY,"University Rd, opposite Shree ram bags, Panchayat Chowk, Shakti Nagar, Rajkot, Gujarat 360005",,078787 32009,,4.4,shop,,rajkot,gujarat,"University Rd, opposite Shree ram bags"
SOMNATH DRYFRUITS - A DRYFRUITS SHOP RAJKOT,"under jivraj hospital, Gayatri Nagar Main Rd, Gopal Nagar, Bhakti Nagar, Rajkot, Gujarat 360002",,063587 77773,,4.8,shop,,rajkot,gujarat,"under jivraj hospital, Gayatri Nagar Main Rd"
new royal pet shop,"L,19, 20Akshardham complex, parevdi chowk, Bedipara, Ranchhod Nagar, Rajkot, Gujarat 360003",,079844 22731,,4.5,shop,,rajkot,gujarat,"L,19"
"Greenfibre Menswear Store - Yagnik Road, Rajkot","Shop No 1-2, Business Terminal, Dr Yagnik Rd, opposite Ramakrishna Ashram, Jagnath Plot, Rajkot, Gujarat 360001",stores.greenfibre.com,095106 63652,,4.0,shop,,rajkot,gujarat,"Shop No 1-2, Business Terminal"
Meena Bazar,"7RW3+GRP Sanganwa Chowk, Sir Lakhajiraj Rd, Java Nagar, Lohana Para, Rajkot, Gujarat 360001",,,,3.6,shop,,rajkot,gujarat,"7RW3+GRP Sanganwa Chowk, Sir Lakhajiraj Rd"
"Poojara Telecom, Post Office store - Rajkot","opposite Kings Plaza, Astron Chowk, Sardarnagar, Rajkot, Gujarat 360001",poojaratele.com,087992 87982,,4.9,shop,,rajkot,gujarat,"opposite Kings Plaza, Astron Chowk"
Komal's Gift Shop,"Bhakti Nagar Cir, Lakshmiwadi, Bhakti Nagar, Rajkot, Gujarat 360002",,082004 83872,,3.8,shop,,rajkot,gujarat,"Bhakti Nagar Cir, Lakshmiwadi"
Khodiyar Department Store,"Sri Nath Society, Uday Nagar, Rajkot, Gujarat 360004",kishanlakkad.wordpress.com,098253 31430,,4.0,shop,,rajkot,gujarat,"Sri Nath Society, Uday Nagar"
Prayosha Jewellers,"University Road, Kotecha Cir, Jala Ram Nagar, Rajkot, Gujarat 360005",,,,4.3,shop,,rajkot,gujarat,"University Road, Kotecha Cir"
Shayona Selection,"University Road, Kotecha Cir, Jala Ram Nagar, Rajkot, Gujarat 360005",,,,4.3,shop,,rajkot,gujarat,"University Road, Kotecha Cir"
"Theobroma Bakery and Cake Shop - Rajkot, Gujarat","001, Space Odyssey, 150 Feet Ring Rd, near KKV Chowk, Bharatvan Society, Nalanda Society, Rajkot, Gujarat 360005",order.theobroma.in,081828 81881,,3.7,shop,,rajkot,gujarat,"001, Space Odyssey"
First Step Baby Shop Rajkot,"001, Space Odyssey, 150 Feet Ring Rd, near KKV Chowk, Bharatvan Society, Nalanda Society, Rajkot, Gujarat 360005",order.theobroma.in,081828 81881,,3.7,shop,,rajkot,gujarat,"001, Space Odyssey"
Raza market all in one shop,"slam qtr, Rajkot Jilla Garden, Bapunagar Main Rd, near angadvadi, Jilla Garden, Bapu Nagar, Rajkot, Gujarat 360002",,,,5.0,shop,,rajkot,gujarat,"slam qtr, Rajkot Jilla Garden"
Trend Zone,"Rosary School, Chandan Park Main Rd, Opp RMC LIBRARY, Near Paradise Hall, Raiya Rd, Rajkot, Gujarat 360005",,,,4.8,shop,,rajkot,gujarat,"Rosary School, Chandan Park Main Rd"
MI Studio - Rajkot,"Ground Floor, Ashish complex, Sardar Nagar Main Rd, nr. Poojara Telecom, Sardarnagar, Rajkot, Gujarat 360001",poojaratele.com,093271 71972,,4.9,shop,,rajkot,gujarat,"Ground Floor, Ashish complex"
Roopkala Novelty Stores,"7RW5+G5X, Kothariya Naka Chowk, Opp.Golden Market, Gujari Bazar, Diwanpara, Rajkot, Gujarat 360001",,093741 64898,,5.0,shop,,rajkot,gujarat,"7RW5+G5X, Kothariya Naka Chowk"
V J Jewellers || Top Jewellers In Rajkot | Gold And Silver Jewellery Showroom In Rajkot | Ornament Shop In Rajkot,"Unnati Complex, Ground floor, Dr Yagnik Rd, Rajkot, Gujarat 360001",,,,4.9,shop,,rajkot,gujarat,"Unnati Complex, Ground floor"
BIPIN STORE,"Raiya Rd, opp. City Center, Nehru Nagar, Rajkot, Gujarat 360007",,090165 72408,,5.0,shop,,rajkot,gujarat,"Raiya Rd, opp. City Center"
Marvel Marketing,"Gandhi Society, Industrial Area, Madhapar, Rajkot, Gujarat 360006",marvelmarketing.catalog.to,083060 50000,,4.0,shop,,rajkot,gujarat,"Gandhi Society, Industrial Area"
Noble Electrade Pvt. Ltd. Industrial Electrical Supplier Shop Rajkot Gujarat India,"Bhaktinagar Station Road 2 Noble plaza, Bhaktinagar Station Plot, Rajkot, Gujarat 360002",nobleelectrade.com,0281 246 4749,,4.5,shop,,rajkot,gujarat,"Bhaktinagar Station Road 2 Noble plaza, Bhaktinagar Station Plot"
TOPLAND DEALER Rajkot (Deepak Engineering Store),"Dhebar Rd, opp. Central bus station, Rajputpara, Rajkot, Gujarat 360001",,0281 222 3758,,4.4,shop,,rajkot,gujarat,"Dhebar Rd, opp. Central bus station"
Market,"7RX4+W4V, Para Bazaar Rd, Danapith, Bangdi Bazar, Lohana Para, Rajkot, Gujarat 360001",,,,4.7,shop,,rajkot,gujarat,"7RX4+W4V, Para Bazaar Rd"
𝗝𝗗𝗦 𝗘𝘆𝗲 𝗰𝗮𝗿𝗲- Optical Showroom in Rajkot/Best Optical Shop in Rajkot,"Amin Marg, near Jd Eye circle, Nutan Nagar, Kotecha Nagar, Rajkot, Gujarat 360001",jdseyecare.com,076984 17090,,4.6,shop,,rajkot,gujarat,"Amin Marg, near Jd Eye circle"
Mobile Shop,"14 Star Shopping Center 21, Dr Yagnik Rd, New Jagnath, Rajkot, Gujarat 360001",,,,4.0,shop,,rajkot,gujarat,"14 Star Shopping Center 21, Dr Yagnik Rd"
Pooja Novelty Store,"Vitrag Society, Opp. Satyanarayan Park 150 Feet Ring Road, Nanavati Cir, Gandhi Nagar, Gandhigram, Rajkot, Gujarat 360007",,098796 95076,,3.5,shop,,rajkot,gujarat,"Vitrag Society, Opp. Satyanarayan Park 150 Feet Ring Road"
Lucky Stores,"Vitrag Society, Opp. Satyanarayan Park 150 Feet Ring Road, Nanavati Cir, Gandhi Nagar, Gandhigram, Rajkot, Gujarat 360007",,098796 95076,,3.5,shop,,rajkot,gujarat,"Vitrag Society, Opp. Satyanarayan Park 150 Feet Ring Road"
Go Colors - Trikon Bagh | Women's Bottom Wear,"City Gold, GF, 3, Dhebar Rd, near Sun Digital, Rajputpara, Rajkot, Gujarat 360001",gocolors.com,091500 95746,,3.8,shop,,rajkot,gujarat,"City Gold, GF"
Gordhanbhai Govindji Chevdawala [GOGOCHE],"M.G. Road near jubilee garden opposition central bank, beside Prakash studio, Rajkot, Gujarat 360001",,099985 21450,,4.2,shop,,rajkot,gujarat,"M.G. Road near jubilee garden opposition central bank, beside Prakash studio"
